gen,fitness,recall,auc,layers,classif_threshold,lr,batch_size,architecture
0,0.8685933947563171,0.9033613403638204,0.8338254491488138,21,0.25,0.001,32,"[32.25, 0.001, 16.1, 0.1, -1.0, 32.2, 0.0, -1.0, 32.3, 0.1, -1.0, 32.3, 0.0, -1.0, 16.4, 0.0, -1.0, 64.4, 0.05, -1.0, 64.1, 0.05, -1.0]"
0,0.7848006884256999,0.7787114977836609,0.7908898790677389,15,0.5,0.1,16,"[16.5, 0.1, 64.1, 0.0, -1.0, 16.2, 0.05, -1.0, 16.2, 0.05, -1.0, 64.2, 0.1, -1.0, 32.1, 0.1, -1.0]"
0,0.8078028758366903,0.7948179443677267,0.8207878073056539,27,0.5,0.01,8,"[8.5, 0.01, 16.2, 0.1, -1.0, 16.1, 0.05, -1.0, 16.1, 0.05, -1.0, 32.2, 0.0, -1.0, 64.3, 0.1, -1.0, 64.2, 0.1, -1.0, 32.3, 0.0, -1.0, 16.3, 0.05, -1.0, 16.2, 0.05, -1.0]"
0,0.81327419479688,0.8088235259056091,0.817724863688151,24,0.5,0.01,8,"[8.5, 0.01, 16.4, 0.0, -1.0, 32.4, 0.05, -1.0, 64.3, 0.1, -1.0, 16.4, 0.05, -1.0, 16.2, 0.05, -1.0, 64.4, 0.0, -1.0, 16.2, 0.1, -1.0, 64.4, 0.1, -1.0]"
0,0.7875812153021495,0.7871148586273193,0.7880475719769796,30,0.5,0.001,8,"[8.5, 0.001, 32.2, 0.1, -1.0, 64.1, 0.1, -1.0, 32.2, 0.1, -1.0, 32.4, 0.05, -1.0, 32.2, 0.05, -1.0, 32.2, 0.0, -1.0, 32.2, 0.1, -1.0, 64.1, 0.05, -1.0, 16.4, 0.1, -1.0, 32.3, 0.1, -1.0]"
0,0.7258535921573639,0.581932783126831,0.8697744011878967,6,0.75,0.001,16,"[16.75, 0.001, 16.2, 0.0, -1.0, 32.2, 0.0, -1.0]"
0,0.8243146340052286,0.8158263365427653,0.832802931467692,15,0.5,0.001,16,"[16.5, 0.001, 16.4, 0.05, -1.0, 64.3, 0.05, -1.0, 16.2, 0.0, -1.0, 16.4, 0.05, -1.0, 16.1, 0.0, -1.0]"
0,0.7857970496018727,0.7724089622497559,0.7991851369539896,30,0.5,0.01,8,"[8.5, 0.01, 32.4, 0.0, -1.0, 64.2, 0.1, -1.0, 32.1, 0.05, -1.0, 64.3, 0.05, -1.0, 16.4, 0.0, -1.0, 16.2, 0.1, -1.0, 16.3, 0.05, -1.0, 64.1, 0.1, -1.0, 16.1, 0.1, -1.0, 64.1, 0.05, -1.0]"
0,0.7285792827606201,0.7289916078249613,0.7281669576962789,30,0.5,0.1,32,"[32.5, 0.1, 32.3, 0.05, -1.0, 16.2, 0.1, -1.0, 64.3, 0.1, -1.0, 32.4, 0.05, -1.0, 64.3, 0.0, -1.0, 32.2, 0.05, -1.0, 64.1, 0.0, -1.0, 16.2, 0.05, -1.0, 32.1, 0.0, -1.0, 16.4, 0.0, -1.0]"
0,0.8674053947130839,0.9229692022005717,0.8118415872255961,6,0.25,0.1,16,"[16.25, 0.1, 32.1, 0.05, -1.0, 64.1, 0.05, -1.0]"
0,0.6325776825348536,0.47198880712191266,0.7931665579477946,27,0.75,0.1,32,"[32.75, 0.1, 64.3, 0.05, -1.0, 16.4, 0.05, -1.0, 32.1, 0.0, -1.0, 64.2, 0.05, -1.0, 64.2, 0.05, -1.0, 32.3, 0.0, -1.0, 16.3, 0.0, -1.0, 32.4, 0.0, -1.0, 32.1, 0.05, -1.0]"
0,0.8212869763374329,0.8109243710835775,0.8316495815912882,12,0.5,0.1,16,"[16.5, 0.1, 64.1, 0.05, -1.0, 32.4, 0.05, -1.0, 16.3, 0.1, -1.0, 64.3, 0.1, -1.0]"
0,0.7096250355243683,0.7002801100413004,0.7189699610074362,30,0.5,0.1,32,"[32.5, 0.1, 16.3, 0.1, -1.0, 16.1, 0.1, -1.0, 16.2, 0.0, -1.0, 16.2, 0.0, -1.0, 64.2, 0.1, -1.0, 16.1, 0.1, -1.0, 64.1, 0.05, -1.0, 64.3, 0.0, -1.0, 64.4, 0.05, -1.0, 16.2, 0.05, -1.0]"
0,0.8971765240033468,0.9285714228947958,0.8657816251118978,6,0.25,0.1,32,"[32.25, 0.1, 32.2, 0.05, -1.0, 16.3, 0.1, -1.0]"
0,0.662068098783493,0.5126050313313802,0.8115311662356058,9,0.75,0.001,32,"[32.75, 0.001, 32.4, 0.1, -1.0, 32.3, 0.1, -1.0, 32.4, 0.05, -1.0]"
0,0.7503372530142466,0.6267506877581278,0.8739238182703654,6,0.75,0.01,32,"[32.75, 0.01, 32.2, 0.1, -1.0, 16.1, 0.1, -1.0]"
0,0.6754705309867859,0.523109237353007,0.8278318246205648,3,0.75,0.1,8,"[8.75, 0.1, 16.1, 0.0, -1.0]"
0,0.7011583844820659,0.5504201650619507,0.851896603902181,12,0.75,0.1,32,"[32.75, 0.1, 32.1, 0.05, -1.0, 64.4, 0.1, -1.0, 32.3, 0.05, -1.0, 32.3, 0.0, -1.0]"
0,0.7499955892562866,0.7429971893628439,0.7569939891497294,15,0.5,0.1,8,"[8.5, 0.1, 32.2, 0.0, -1.0, 32.2, 0.0, -1.0, 64.4, 0.05, -1.0, 32.3, 0.05, -1.0, 32.1, 0.0, -1.0]"
0,0.8180393576622009,0.8032213052113851,0.8328574101130167,18,0.5,0.001,8,"[8.5, 0.001, 32.1, 0.05, -1.0, 32.3, 0.1, -1.0, 32.3, 0.0, -1.0, 16.3, 0.05, -1.0, 32.2, 0.05, -1.0, 16.1, 0.0, -1.0]"
0,0.7316375176111857,0.9166666666666666,0.5466083685557047,27,0.25,0.1,8,"[8.25, 0.1, 32.4, 0.05, -1.0, 64.4, 0.0, -1.0, 16.1, 0.05, -1.0, 64.2, 0.0, -1.0, 32.1, 0.05, -1.0, 64.3, 0.05, -1.0, 64.2, 0.05, -1.0, 32.3, 0.05, -1.0, 64.4, 0.1, -1.0]"
0,0.8512386679649353,0.894957979520162,0.8075193564097086,27,0.25,0.1,32,"[32.25, 0.1, 64.2, 0.0, -1.0, 64.3, 0.0, -1.0, 16.3, 0.0, -1.0, 32.3, 0.0, -1.0, 16.3, 0.05, -1.0, 32.3, 0.1, -1.0, 64.1, 0.1, -1.0, 16.1, 0.0, -1.0, 16.2, 0.0, -1.0]"
0,0.823562502861023,0.9103641311327616,0.7367608745892843,15,0.25,0.1,8,"[8.25, 0.1, 64.3, 0.0, -1.0, 64.2, 0.05, -1.0, 64.4, 0.05, -1.0, 64.3, 0.05, -1.0, 64.1, 0.0, -1.0]"
0,0.8779235978921254,0.9222689072291056,0.8335782885551453,3,0.25,0.001,8,"[8.25, 0.001, 64.4, 0.1, -1.0]"
0,0.2898883790088197,0.043417368394633137,0.5363593896230062,30,0.75,0.1,8,"[8.75, 0.1, 16.3, 0.0, -1.0, 64.4, 0.0, -1.0, 16.3, 0.05, -1.0, 64.2, 0.05, -1.0, 16.4, 0.05, -1.0, 16.4, 0.1, -1.0, 64.1, 0.0, -1.0, 64.4, 0.0, -1.0, 32.1, 0.1, -1.0, 16.2, 0.1, -1.0]"
0,0.656243731578191,0.6295518080393473,0.6829356551170349,9,0.5,0.1,8,"[8.5, 0.1, 32.2, 0.1, -1.0, 64.1, 0.1, -1.0, 16.1, 0.1, -1.0]"
0,0.8896904091040293,0.9194677869478861,0.8599130312601725,21,0.25,0.001,16,"[16.25, 0.001, 64.3, 0.0, -1.0, 32.2, 0.05, -1.0, 16.2, 0.0, -1.0, 64.4, 0.0, -1.0, 16.1, 0.1, -1.0, 64.3, 0.1, -1.0, 16.3, 0.0, -1.0]"
0,0.8957575658957163,0.924369732538859,0.8671453992525736,9,0.25,0.01,16,"[16.25, 0.01, 64.2, 0.05, -1.0, 16.2, 0.05, -1.0, 64.3, 0.05, -1.0]"
0,0.7060371935367584,0.5651260415712992,0.8469483455022176,27,0.75,0.001,16,"[16.75, 0.001, 16.1, 0.0, -1.0, 16.3, 0.05, -1.0, 32.1, 0.0, -1.0, 64.1, 0.1, -1.0, 32.3, 0.0, -1.0, 16.3, 0.1, -1.0, 64.4, 0.0, -1.0, 64.2, 0.0, -1.0, 32.1, 0.0, -1.0]"
0,0.7247376938660939,0.6183473467826843,0.8311280409495035,21,0.75,0.01,16,"[16.75, 0.01, 32.2, 0.0, -1.0, 64.3, 0.0, -1.0, 32.3, 0.05, -1.0, 32.4, 0.0, -1.0, 32.1, 0.05, -1.0, 64.1, 0.05, -1.0, 32.1, 0.0, -1.0]"
0,0.732193241516749,0.605042020479838,0.85934446255366,12,0.75,0.01,32,"[32.75, 0.01, 32.3, 0.05, -1.0, 64.4, 0.05, -1.0, 16.3, 0.1, -1.0, 32.4, 0.1, -1.0]"
0,0.7471297383308411,0.6225490172704061,0.871710459391276,6,0.75,0.01,32,"[32.75, 0.01, 32.3, 0.05, -1.0, 16.4, 0.0, -1.0]"
0,0.672892302274704,0.5322128931681315,0.8135717113812765,18,0.75,0.01,8,"[8.75, 0.01, 16.4, 0.1, -1.0, 16.1, 0.1, -1.0, 64.2, 0.1, -1.0, 16.4, 0.0, -1.0, 64.2, 0.0, -1.0, 32.4, 0.05, -1.0]"
0,0.7053049306074779,0.5651260614395142,0.8454837997754415,9,0.75,0.001,16,"[16.75, 0.001, 16.1, 0.1, -1.0, 32.1, 0.0, -1.0, 16.4, 0.1, -1.0]"
0,0.546174352367719,0.33753501375516254,0.7548136909802755,15,0.75,0.1,16,"[16.75, 0.1, 16.2, 0.1, -1.0, 16.1, 0.05, -1.0, 32.3, 0.0, -1.0, 32.1, 0.0, -1.0, 32.1, 0.1, -1.0]"
0,0.5940468261639277,0.39635853966077167,0.7917351126670837,15,0.75,0.1,16,"[16.75, 0.1, 32.1, 0.0, -1.0, 16.3, 0.0, -1.0, 64.4, 0.0, -1.0, 16.1, 0.0, -1.0, 64.1, 0.05, -1.0]"
0,0.8444314897060394,0.8508403301239014,0.8380226492881775,9,0.5,0.1,16,"[16.5, 0.1, 16.2, 0.1, -1.0, 64.1, 0.05, -1.0, 32.3, 0.0, -1.0]"
0,0.7254703342914581,0.5910364190737406,0.8599042495091757,12,0.75,0.01,32,"[32.75, 0.01, 16.3, 0.0, -1.0, 64.3, 0.1, -1.0, 16.4, 0.1, -1.0, 32.1, 0.05, -1.0]"
0,0.8458644449710846,0.8291316429773966,0.8625972469647726,3,0.5,0.01,16,"[16.5, 0.01, 64.4, 0.0, -1.0]"
0,0.8777819772561392,0.9089635809262594,0.8466003735860189,21,0.25,0.01,16,"[16.25, 0.01, 32.4, 0.0, -1.0, 64.4, 0.0, -1.0, 32.2, 0.0, -1.0, 64.3, 0.1, -1.0, 64.4, 0.1, -1.0, 32.4, 0.0, -1.0, 16.3, 0.05, -1.0]"
0,0.8967222968737285,0.918767511844635,0.8746770819028219,9,0.25,0.01,32,"[32.25, 0.01, 64.3, 0.0, -1.0, 64.2, 0.05, -1.0, 16.4, 0.05, -1.0]"
0,0.7662233908971151,0.9516806801160177,0.5807661016782125,27,0.25,0.1,8,"[8.25, 0.1, 64.2, 0.1, -1.0, 32.2, 0.05, -1.0, 16.3, 0.0, -1.0, 32.1, 0.0, -1.0, 64.2, 0.1, -1.0, 64.4, 0.1, -1.0, 16.1, 0.05, -1.0, 16.3, 0.05, -1.0, 32.4, 0.05, -1.0]"
0,0.5904854387044907,0.3879551788171132,0.793015698591868,15,0.75,0.1,8,"[8.75, 0.1, 32.2, 0.05, -1.0, 32.2, 0.1, -1.0, 32.2, 0.0, -1.0, 64.1, 0.0, -1.0, 16.3, 0.05, -1.0]"
0,0.8296759923299154,0.8305322130521139,0.8288197716077169,27,0.5,0.1,32,"[32.5, 0.1, 32.4, 0.0, -1.0, 32.4, 0.05, -1.0, 32.2, 0.1, -1.0, 64.2, 0.1, -1.0, 16.2, 0.0, -1.0, 64.2, 0.1, -1.0, 16.2, 0.1, -1.0, 64.2, 0.0, -1.0, 16.2, 0.1, -1.0]"
0,0.8605272769927979,0.8977591196695963,0.8232954343159994,30,0.25,0.01,16,"[16.25, 0.01, 64.3, 0.0, -1.0, 16.1, 0.0, -1.0, 64.3, 0.0, -1.0, 64.1, 0.1, -1.0, 16.4, 0.05, -1.0, 64.3, 0.1, -1.0, 64.4, 0.05, -1.0, 16.4, 0.0, -1.0, 32.4, 0.0, -1.0, 16.2, 0.0, -1.0]"
0,0.8985240956147512,0.9292717178662618,0.8677764733632406,3,0.25,0.1,32,"[32.25, 0.1, 16.3, 0.0, -1.0]"
0,0.8675451874732971,0.9124649961789449,0.8226253787676493,18,0.25,0.01,8,"[8.25, 0.01, 32.1, 0.1, -1.0, 64.3, 0.1, -1.0, 64.1, 0.05, -1.0, 32.2, 0.05, -1.0, 32.2, 0.0, -1.0, 32.4, 0.1, -1.0]"
0,0.7457913259665172,0.6645658214886984,0.8270168304443359,24,0.75,0.01,16,"[16.75, 0.01, 64.3, 0.05, -1.0, 64.4, 0.05, -1.0, 64.1, 0.05, -1.0, 16.4, 0.05, -1.0, 64.4, 0.05, -1.0, 32.1, 0.1, -1.0, 16.3, 0.0, -1.0, 32.1, 0.0, -1.0]"
0,0.7401802738507588,0.6127451062202454,0.8676154414812723,12,0.75,0.01,32,"[32.75, 0.01, 64.4, 0.0, -1.0, 32.1, 0.1, -1.0, 64.3, 0.1, -1.0, 16.3, 0.05, -1.0]"
0,0.8589770396550497,0.9089635809262594,0.80899049838384,30,0.25,0.001,8,"[8.25, 0.001, 64.1, 0.05, -1.0, 16.2, 0.1, -1.0, 32.2, 0.05, -1.0, 64.3, 0.0, -1.0, 32.4, 0.1, -1.0, 32.2, 0.1, -1.0, 32.3, 0.0, -1.0, 16.4, 0.05, -1.0, 32.1, 0.0, -1.0, 64.3, 0.05, -1.0]"
1,0.8967222968737285,0.918767511844635,0.8746770819028219,9,0.25,0.01,32,"[32.25, 0.01, 64.3, 0.0, -1.0, 64.2, 0.05, -1.0, 16.4, 0.05, -1.0]"
1,0.7662233908971151,0.9516806801160177,0.5807661016782125,27,0.25,0.1,8,"[8.25, 0.1, 64.2, 0.1, -1.0, 32.2, 0.05, -1.0, 16.3, 0.0, -1.0, 32.1, 0.0, -1.0, 64.2, 0.1, -1.0, 64.4, 0.1, -1.0, 16.1, 0.05, -1.0, 16.3, 0.05, -1.0, 32.4, 0.05, -1.0]"
1,0.8985240956147512,0.9292717178662618,0.8677764733632406,3,0.25,0.1,32,"[32.25, 0.1, 16.3, 0.0, -1.0]"
1,0.7503372530142466,0.6267506877581278,0.8739238182703654,6,0.75,0.01,32,"[32.75, 0.01, 32.2, 0.1, -1.0, 16.1, 0.1, -1.0]"
1,0.8971765240033468,0.9285714228947958,0.8657816251118978,6,0.25,0.1,32,"[32.25, 0.1, 32.2, 0.05, -1.0, 16.3, 0.1, -1.0]"
1,0.8957575658957163,0.924369732538859,0.8671453992525736,9,0.25,0.01,16,"[16.25, 0.01, 64.2, 0.05, -1.0, 16.2, 0.05, -1.0, 64.3, 0.05, -1.0]"
1,0.7471297383308411,0.6225490172704061,0.871710459391276,6,0.75,0.01,32,"[32.75, 0.01, 32.3, 0.05, -1.0, 16.4, 0.0, -1.0]"
1,0.8674053947130839,0.9229692022005717,0.8118415872255961,6,0.25,0.1,16,"[16.25, 0.1, 32.1, 0.05, -1.0, 64.1, 0.05, -1.0]"
1,0.8458644449710846,0.8291316429773966,0.8625972469647726,3,0.5,0.01,16,"[16.5, 0.01, 64.4, 0.0, -1.0]"
1,0.8779235978921254,0.9222689072291056,0.8335782885551453,3,0.25,0.001,8,"[8.25, 0.001, 64.4, 0.1, -1.0]"
1,0.8934286733468374,0.9229691823323568,0.863888164361318,6,0.25,0.0006740705451080742,32,"[32.25, 0.0006740705451080742, 64.3, 0.0, -1.0, 44.4, 0.05, -1.0]"
1,0.7938888768355052,0.9327731132507324,0.655004640420278,27,0.25,0.2119699005232244,8,"[8.25, 0.2119699005232244, 64.2, 0.15632686346685987, -1.0, 32.2, 0.05, 32.2, 0.05, -1.0, -1.0, 20.3, 0.0, -1.0, 32.1, 0.0, -1.0, 48.2, 0.1, 64.2, 0.1, -1.0, -1.0, 7.1, 0.05, -1.0, 8.3, 0.05, -1.0]"
1,0.9128036896387737,0.9565826257069906,0.8690247535705566,0,0.1329516423289796,0.12095815705450752,18,"[18.13295164232898, 0.12095815705450752]"
1,0.823843518892924,0.7773109475771586,0.8703760902086893,3,0.5952556207517858,0.023965906636807796,29,"[29.595255620751786, 0.023965906636807796, 32.2, 0.1, -1.0]"
1,0.8946394522984823,0.9222688873608907,0.8670100172360738,6,0.25,0.055,24,"[24.25, 0.055, 32.2, 0.05, -1.0, 6.3, 0.1, -1.0]"
1,0.8919736842314402,0.9278711477915446,0.8560762206713358,9,0.25,0.123996557811331,24,"[24.25, 0.123996557811331, 64.2, 0.06418885956726197, -1.0, 16.2, 0.003419725002437302, -1.0, 79.3, 0.030377185132202736, -1.0]"
1,0.7401791413625081,0.610644261042277,0.8697140216827393,6,0.7298701572543109,0.01,27,"[27.72987015725431, 0.01, 54.3, 0.05, -1.0, 16.4, 0.0, -1.0]"
1,0.8440214196840923,0.8921568592389425,0.7958859801292419,6,0.25,0.16577341318880903,16,"[16.25, 0.16577341318880903, 32.1, 0.05, -1.0, 64.1, 0.05, -1.0]"
1,0.8533409734567007,0.8438375194867452,0.8628444274266561,6,0.5,0.01,16,"[16.5, 0.01, 64.1, 0.0, 64.4, 0.0, -1.0, -1.0]"
1,0.8417094647884369,0.8956582546234131,0.7877606749534607,6,0.25,0.0005692971734501232,8,"[8.25, 0.0005692971734501232, 64.4, 0.18705266443355636, 64.4, 0.1, -1.0, -1.0]"
1,0.9000151554743449,0.930672268072764,0.8693580428759257,15,0.25,0.01,32,"[32.25, 0.01, 64.3, 0.0, 64.3, 0.0, -1.0, -1.0, 18.2, 0.005862113878437114, 64.2, 0.05, -0.5006333018665676, -1.0, 16.4, 0.05, -1.0]"
1,0.7890321513017018,0.924369732538859,0.6536945700645447,21,0.25,0.1,8,"[8.25, 0.1, 45.2, 0.1, -1.0, 46.1, 0.0, -1.0, 64.2, 0.20966079094616036, 64.2, 0.1, -1.0, -1.0, 16.1, 0.05, -1.0, 16.3, 0.05, -1.0, 32.4, 0.05, -1.0]"
1,0.8976976772149403,0.9250700275103251,0.8703253269195557,0,0.25,0.13508458631389325,32,"[32.25, 0.13508458631389325]"
1,0.7507782578468323,0.6281512777010599,0.8734052379926046,6,0.75,0.004717888272095574,32,"[32.75, 0.004717888272095574, 63.2, 0.1, -1.0, 16.1, 0.1, -1.0]"
1,0.8904627958933512,0.9138655463854471,0.8670600454012553,3,0.31132850318232386,0.07517061523089885,33,"[33.311328503182324, 0.07517061523089885, 32.2, 0.01050092214409134, -1.0]"
1,0.8920744756857554,0.9250700275103251,0.8590789238611857,9,0.25,0.025071107939251373,16,"[16.25, 0.025071107939251373, 64.2, 0.05, -1.0, 16.2, 0.05, -1.0, 83.3, 0.04959697478997531, -1.0]"
1,0.7458354632059734,0.6239495873451233,0.8677213390668234,9,0.75,0.01,32,"[32.75, 0.01, 71.3, 0.05, 32.3, 0.05, -0.041386513703635774, -1.0, 16.4, 0.0, -1.0]"
1,0.8643836279710133,0.91876749197642,0.8099997639656067,9,0.25,0.1,16,"[16.25, 0.1, 32.1, 0.05, -1.0, 64.1, 0.05, 64.1, 0.05, -1.0, -1.0]"
1,0.8439761896928151,0.8263305226961771,0.8616218566894531,3,0.5,0.018314085732806348,16,"[16.5, 0.018314085732806348, 64.4, 0.0, -1.0]"
1,0.8694753646850586,0.9222689072291056,0.8166818221410116,6,0.23905881649278093,0.001,6,"[6.239058816492781, 0.001, 64.4, 0.1, 64.4, 0.1, -1.0, -1.0]"
1,0.8973570664723715,0.9306722482045492,0.8640418847401937,9,0.25,0.012368446679273315,32,"[32.25, 0.012368446679273315, 64.3, 0.0, -1.0, 16.4, 0.05, 16.4, 0.05, -1.5325710028252177, -1.0]"
1,0.8147821426391602,0.9082633058230082,0.7213009794553121,18,0.2667975248970862,0.1,6,"[6.266797524897086, 0.1, 36.3, 0.0, 16.3, 0.0, -1.0, -1.0, 32.1, 0.0, -1.0, 64.2, 0.1, -1.0, 16.1, 0.013756525100816559, -1.0, 32.4, 0.08800441440431978, -1.0]"
1,0.8535921772321065,0.8389355937639872,0.8682487607002258,3,0.5,0.055,32,"[32.5, 0.055, 6.3, 0.0, -1.0]"
1,0.85600745677948,0.8494397600491842,0.8625751535097758,9,0.5,0.055,32,"[32.5, 0.055, 32.2, 0.1, 32.2, 0.1, -1.0, -1.0, 16.2, 0.1, -1.0]"
1,0.8949381311734517,0.9257702827453613,0.8641059796015421,6,0.25,0.07012518005916007,24,"[24.25, 0.07012518005916007, 32.2, 0.008226491004645665, 32.2, 0.05, -1.0, -1.0]"
1,0.9003851413726807,0.930672268072764,0.8700980146725973,9,0.25,0.01088351956670633,24,"[24.25, 0.01088351956670633, 118.2, 0.05, -1.0, 4.3, 0.05, -1.0, 93.3, 0.05, -1.0]"
1,0.8513541420300801,0.8620448112487793,0.840663472811381,6,0.46009940913224945,0.055,14,"[14.46009940913225, 0.055, 32.2, 0.13484820363317732, -1.0, 23.4, 0.0, -1.0]"
1,0.842234303553899,0.8375350038210551,0.8469336032867432,6,0.5,0.055,24,"[24.5, 0.055, 32.1, 0.05, -1.0, 64.1, 0.05, -1.0]"
1,0.8496939142545064,0.8466386596361796,0.8527491688728333,6,0.43835797543709276,0.0019018450740958127,12,"[12.438357975437093, 0.0019018450740958127, 64.4, 0.0, 64.4, 0.4, -1.0, -1.0]"
1,0.8897577524185181,0.9292717178662618,0.8502437869707743,0,0.2383224284899832,0.0015583107417361222,5,"[5.238322428489983, 0.0015583107417361222]"
1,0.8468677798906963,0.9544817805290222,0.7392537792523702,3,0.20371355965084215,0.02083486914438819,2,"[2.203713559650842, 0.02083486914438819, 64.2, 0.05, -1.0]"
1,0.8661012351512909,0.8984593947728475,0.8337430755297343,27,0.25,0.03218858398810391,20,"[20.25, 0.03218858398810391, 64.3, 0.1, -1.0, 64.2, 0.05, -1.0, 16.3, 0.0, 16.3, 0.0, -1.0, -1.0, 32.1, 0.0, -1.0, 64.2, 0.1, -1.0, 9.4, 0.1, -1.0, 16.3, 0.002643993367464276, -1.0, 32.4, 0.05, -1.0]"
1,0.9002497990926106,0.9320728182792664,0.868426779905955,6,0.25,0.1,32,"[32.25, 0.1, 16.3, 0.0, 16.3, 0.0, -1.0, -1.0]"
1,0.7492964168389638,0.6274509827295939,0.8711418509483337,6,0.75,0.0053745667348125735,32,"[32.75, 0.0053745667348125735, 32.2, 0.1, -1.0, 16.1, 0.1, -1.0]"
1,0.8921473026275635,0.9180672367413839,0.866227368513743,6,0.25,0.055,24,"[24.25, 0.055, 64.2, 0.05, -1.0, 16.2, 0.1, -1.0]"
1,0.8893222610155742,0.9145658214886984,0.86407870054245,6,0.25,0.05675297521707994,24,"[24.25, 0.05675297521707994, 64.2, 0.05, -1.0, 208.3, 0.05, -1.0]"
1,0.7505373358726501,0.639355738957723,0.8617189327875773,6,0.75,0.01,32,"[32.75, 0.01, 32.4, 0.05, -1.0, 17.4, 0.0, -1.0]"
1,0.8726005256175995,0.9194677869478861,0.8257332642873129,6,0.25,0.1,16,"[16.25, 0.1, 30.1, 0.05, -1.0, 64.1, 0.0646953886450936, -1.0]"
1,0.850773016611735,0.8389355937639872,0.8626104394594828,0,0.5232621055974906,0.01,10,"[10.52326210559749, 0.01]"
1,0.8760956625143688,0.924369752407074,0.8278215726216634,6,0.25,0.0018535298915267626,8,"[8.25, 0.0018535298915267626, 64.4, 0.3641926831425084, 64.4, 0.3, -1.0, -1.0]"
2,0.8967222968737285,0.918767511844635,0.8746770819028219,9,0.25,0.01,32,"[32.25, 0.01, 64.3, 0.0, -1.0, 64.2, 0.05, -1.0, 16.4, 0.05, -1.0]"
2,0.9128036896387737,0.9565826257069906,0.8690247535705566,0,0.1329516423289796,0.12095815705450752,18,"[18.13295164232898, 0.12095815705450752]"
2,0.8976976772149403,0.9250700275103251,0.8703253269195557,0,0.25,0.13508458631389325,32,"[32.25, 0.13508458631389325]"
2,0.9003851413726807,0.930672268072764,0.8700980146725973,9,0.25,0.01088351956670633,24,"[24.25, 0.01088351956670633, 118.2, 0.05, -1.0, 4.3, 0.05, -1.0, 93.3, 0.05, -1.0]"
2,0.7503372530142466,0.6267506877581278,0.8739238182703654,6,0.75,0.01,32,"[32.75, 0.01, 32.2, 0.1, -1.0, 16.1, 0.1, -1.0]"
2,0.8468677798906963,0.9544817805290222,0.7392537792523702,3,0.20371355965084215,0.02083486914438819,2,"[2.203713559650842, 0.02083486914438819, 64.2, 0.05, -1.0]"
2,0.9002497990926106,0.9320728182792664,0.868426779905955,6,0.25,0.1,32,"[32.25, 0.1, 16.3, 0.0, 16.3, 0.0, -1.0, -1.0]"
2,0.823843518892924,0.7773109475771586,0.8703760902086893,3,0.5952556207517858,0.023965906636807796,29,"[29.595255620751786, 0.023965906636807796, 32.2, 0.1, -1.0]"
2,0.9000151554743449,0.930672268072764,0.8693580428759257,15,0.25,0.01,32,"[32.25, 0.01, 64.3, 0.0, 64.3, 0.0, -1.0, -1.0, 18.2, 0.005862113878437114, 64.2, 0.05, -0.5006333018665676, -1.0, 16.4, 0.05, -1.0]"
2,0.7507782578468323,0.6281512777010599,0.8734052379926046,6,0.75,0.004717888272095574,32,"[32.75, 0.004717888272095574, 63.2, 0.1, -1.0, 16.1, 0.1, -1.0]"
2,0.7513766586780548,1.0,0.5027533173561096,15,0.21219542056294105,0.013346323208961319,1,"[1.212195420562941, 0.013346323208961319, 0.3, 0.0, 64.3, 0.0, -1.164084433310475, -1.0, 98.2, 0.09740745471105494, -1.0, 30.4, 0.05, 16.4, 0.05, -1.0, -1.0]"
2,0.913761814435323,0.9586834708849589,0.8688401579856873,0,0.1329516423289796,0.12095815705450752,18,"[18.13295164232898, 0.12095815705450752]"
2,0.8873788416385651,0.906862755616506,0.8678949276606241,0,0.30541541782319115,0.07298405294029979,8,"[8.305415417823191, 0.07298405294029979]"
2,0.9058781663576762,0.9446778694788615,0.8670784632364908,12,0.18292068609984824,0.02295916950838365,37,"[37.18292068609985, 0.02295916950838365, 118.3, 0.06772495734603447, 118.2, 0.05, -1.0, -1.0, 5.3, 0.05, -1.0, 93.3, 0.05, -1.0]"
2,0.7354103227456411,0.6092437108357748,0.8615769346555074,9,0.75,0.011175460115847323,32,"[32.75, 0.011175460115847323, 32.2, 0.1, 32.2, 0.1, -0.5220506498958533, -1.0, 16.1, 0.1, -1.0]"
2,0.8198304772377014,0.9411764542261759,0.6984845002492269,6,0.20371355965084215,0.04088376360101121,2,"[2.203713559650842, 0.04088376360101121, 148.2, 0.05, 64.2, 0.05, -1.0, -1.0]"
2,0.8933165172735851,0.9201680620511373,0.8664649724960327,6,0.25,0.1,32,"[32.25, 0.1, 16.4, 0.0, 16.3, 0.0, -1.0, -1.0]"
2,0.8386483291784923,0.8116246461868286,0.8656720121701559,3,0.5460426665198668,0.0345070324690603,18,"[18.546042666519867, 0.0345070324690603, 32.2, 0.020685627258365438, -1.0]"
2,0.8433564702669779,0.8221288720766703,0.8645840684572855,18,0.5,0.007358944136047787,32,"[32.5, 0.007358944136047787, 64.3, 0.0, 64.3, 0.0, 64.3, 64.3, 18.2, 0.005862113878437114, 64.2, 0.05, -0.17830741014107224, -1.0, 16.2, 0.05, 16.4, 0.0, -1.9144659702586286, -1.0]"
2,0.8599601487318674,0.843137244383494,0.8767830530802408,3,0.5,0.007358944136047787,32,"[32.5, 0.007358944136047787, 63.2, 0.1, -1.0]"
2,0.8873615463574727,0.9376750588417053,0.8370480338732401,12,0.19147582116448802,0.06547907852725376,25,"[25.191475821164488, 0.06547907852725376, 64.3, 0.0, 64.3, 0.0, -1.0, -1.0, 80.2, 0.021721793059420454, -1.0, 16.4, 0.05, -1.0]"
2,0.9057913521925609,0.9404761791229248,0.8711065252621969,0,0.19147582116448802,0.06547907852725376,25,"[25.191475821164488, 0.06547907852725376]"
2,0.8960764507452647,0.9222689072291056,0.8698839942614237,0,0.25,0.10704196780117166,32,"[32.25, 0.10704196780117166]"
2,0.8982868790626526,0.9341736634572347,0.8624000946680704,12,0.25,0.03840949161265032,24,"[24.25, 0.03840949161265032, 118.2, 0.05, -1.0, 4.3, 0.0946511122751958, -1.0, 93.3, 0.05758003485913979, 93.3, 0.05, -1.0574131159513531, -1.0]"
2,0.7431884606679281,0.6197478969891866,0.8666290243466696,6,0.75,0.01,32,"[32.75, 0.01, 44.2, 0.13986067911377423, -1.0, 16.1, 0.18097994296695968, -1.0]"
2,0.8492771983146667,0.9607843160629272,0.7377700805664062,3,0.20371355965084215,0.02083486914438819,2,"[2.203713559650842, 0.02083486914438819, 64.2, 0.05, -1.0]"
2,0.8987197975317637,0.930672268072764,0.8667673269907633,12,0.25,0.1,32,"[32.25, 0.1, 16.3, 0.0, 16.3, 0.0, 16.3, 16.3, 0.0, -1.0, 0.0, -1.0, -1.0, -1.0]"
2,0.8103745083014171,0.7647058963775635,0.8560431202252706,6,0.5952556207517858,0.08278037190798238,29,"[29.595255620751786, 0.08278037190798238, 32.2, 0.1, 32.2, 0.1, -1.0, -1.0]"
2,0.8795014123121898,0.9117647012074789,0.8472381234169006,18,0.25,0.01,32,"[32.25, 0.01, 64.3, 0.0, 64.3, 0.0, 64.3, 64.3, 0.0, -1.0, -1.0, 6.2, 0.002454455003574583, 64.2, 0.0, -0.23542327475942842, -1.0, 7.4, 0.05, -1.0]"
2,0.7136748135089874,0.5707283020019531,0.8566213250160217,3,0.75,0.004717888272095574,32,"[32.75, 0.004717888272095574, 16.4, 0.1, -1.0]"
2,0.8968502779801686,0.9208683371543884,0.8728322188059489,12,0.25,0.005707962448969139,32,"[32.25, 0.005707962448969139, 64.3, 0.0, -1.0, 64.2, 0.05, 64.2, 0.0, -1.0, -1.0, 16.4, 0.05, -1.0]"
2,0.9097410639127095,0.9537814855575562,0.8657006422678629,0,0.1329516423289796,0.1635919953756245,18,"[18.13295164232898, 0.1635919953756245]"
2,0.8958586951096853,0.9201680620511373,0.8715493281682333,0,0.25,0.14621235099265986,32,"[32.25, 0.14621235099265986]"
2,0.8823301196098328,0.9201680620511373,0.8444921771685282,6,0.2562205611923254,0.01088351956670633,6,"[6.256220561192325, 0.01088351956670633, 185.2, 0.08761248239392444, -1.0, 4.3, 0.018652791300616495, -1.0]"
2,0.8502231935660044,0.8445378343264262,0.8559085528055826,6,0.47685677982542174,0.03102524753858698,17,"[17.47685677982542, 0.03102524753858698, 64.2, 0.03357849568837096, -1.0, 16.1, 0.1, -1.0]"
2,0.8360318342844645,0.8130252162615458,0.8590384523073832,3,0.5223048484603297,0.022944894738523534,12,"[12.52230484846033, 0.022944894738523534, 80.2, 0.08779294958410384, -1.0]"
2,0.8803679446379344,0.8956582546234131,0.8650776346524557,6,0.3369922671457175,0.1,39,"[39.33699226714572, 0.1, 0.0, -1.0, 0.0, -2.0, -1.0, -1.0]"
2,0.804789165655772,0.7345938285191854,0.8749845027923584,3,0.6641986752519031,0.023965906636807796,53,"[53.6641986752519, 0.023965906636807796, 39.2, 0.1, -1.0]"
2,0.8994649052619934,0.941876749197642,0.8570530613263448,21,0.17920652261260983,0.01,24,"[24.17920652261261, 0.01, 64.3, 0.0, 64.3, 0.0, -1.0, -1.0, 9.2, 0.005862113878437114, 64.2, 0.05, -0.5006333018665676, 0.05, -0.5006333018665676, -2.090565585569075, -1.0, 16.4, 0.05, 16.4, 0.05, -1.0, -1.0]"
2,0.7515954772631327,0.6274509827295939,0.8757399717966715,6,0.75,0.004717888272095574,32,"[32.75, 0.004717888272095574, 63.2, 0.1803063184155018, -1.0, 17.1, 0.1, -1.0]"
2,0.8977521161238352,0.9222689072291056,0.8732353250185648,12,0.25,0.01,32,"[32.25, 0.01, 64.3, 0.0, -1.0, 64.2, 0.05, 64.2, 0.05, -1.0, -1.0, 16.4, 0.05, -1.0]"
2,0.9173537095387776,0.9726890722910563,0.862018346786499,0,0.08539232386413431,0.12095815705450752,6,"[6.085392323864134, 0.12095815705450752]"
2,0.8969495693842571,0.9229691823323568,0.8709299564361572,0,0.25,0.07298405294029979,28,"[28.25, 0.07298405294029979]"
2,0.8876112898190816,0.9271708726882935,0.8480517069498698,9,0.25,0.25433598824487763,28,"[28.25, 0.25433598824487763, 118.2, 0.05, -1.0, 4.3, 0.05, -1.0, 93.3, 0.05, -1.0]"
2,0.7123838365077972,0.5658263166745504,0.8589413563410441,0,0.75,0.01,32,"[32.75, 0.01]"
2,0.8255655169487,0.9348739584287008,0.7162570754686991,6,0.22720125820506532,0.021426186560253715,2,"[2.2272012582050653, 0.021426186560253715, 64.2, 0.05, 64.2, 0.0, -1.0, -1.0]"
2,0.9103420774141948,0.9628851413726807,0.8577990134557089,3,0.1247525014608577,0.13044230258182868,14,"[14.124752501460858, 0.13044230258182868, 2.3, 0.0, 16.3]"
2,0.8289205332597096,0.7927170991897583,0.865123967329661,3,0.5952556207517858,0.023965906636807796,29,"[29.595255620751786, 0.023965906636807796, 32.2, 0.1, -1.0]"
2,0.888120671113332,0.9166666666666666,0.8595746755599976,15,0.25,0.01,32,"[32.25, 0.01, 64.3, 0.0, 64.3, 18.2, 0.00790725263824458, 18.2, 0.005862113878437114, 64.2, 64.2, 0.0, -0.6156276480784163, -1.0, 25.4, 0.05, -1.0]"
2,0.868918498357137,0.8739495873451233,0.8638874093691508,0,0.43859598701198355,0.008200998190835104,7,"[7.4385959870119835, 0.008200998190835104]"
3,0.8967222968737285,0.918767511844635,0.8746770819028219,9,0.25,0.01,32,"[32.25, 0.01, 64.3, 0.0, -1.0, 64.2, 0.05, -1.0, 16.4, 0.05, -1.0]"
3,0.9128036896387737,0.9565826257069906,0.8690247535705566,0,0.1329516423289796,0.12095815705450752,18,"[18.13295164232898, 0.12095815705450752]"
3,0.7513766586780548,1.0,0.5027533173561096,15,0.21219542056294105,0.013346323208961319,1,"[1.212195420562941, 0.013346323208961319, 0.3, 0.0, 64.3, 0.0, -1.164084433310475, -1.0, 98.2, 0.09740745471105494, -1.0, 30.4, 0.05, 16.4, 0.05, -1.0, -1.0]"
3,0.913761814435323,0.9586834708849589,0.8688401579856873,0,0.1329516423289796,0.12095815705450752,18,"[18.13295164232898, 0.12095815705450752]"
3,0.8599601487318674,0.843137244383494,0.8767830530802408,3,0.5,0.007358944136047787,32,"[32.5, 0.007358944136047787, 63.2, 0.1, -1.0]"
3,0.9057913521925609,0.9404761791229248,0.8711065252621969,0,0.19147582116448802,0.06547907852725376,25,"[25.191475821164488, 0.06547907852725376]"
3,0.8977521161238352,0.9222689072291056,0.8732353250185648,12,0.25,0.01,32,"[32.25, 0.01, 64.3, 0.0, -1.0, 64.2, 0.05, 64.2, 0.05, -1.0, -1.0, 16.4, 0.05, -1.0]"
3,0.9173537095387776,0.9726890722910563,0.862018346786499,0,0.08539232386413431,0.12095815705450752,6,"[6.085392323864134, 0.12095815705450752]"
3,0.7515954772631327,0.6274509827295939,0.8757399717966715,6,0.75,0.004717888272095574,32,"[32.75, 0.004717888272095574, 63.2, 0.1803063184155018, -1.0, 17.1, 0.1, -1.0]"
3,0.9103420774141948,0.9628851413726807,0.8577990134557089,3,0.1247525014608577,0.13044230258182868,14,"[14.124752501460858, 0.13044230258182868, 2.3, 0.0, 16.3]"
3,0.8906323810418446,0.936274508635203,0.8449902534484863,6,0.19147582116448802,0.15846822572849947,25,"[25.191475821164488, 0.15846822572849947, 64.3, 0.0, -1.0, 127.2, 0.03617355502526456, -1.0]"
3,0.9011486768722534,0.9348739584287008,0.867423395315806,0,0.19147582116448802,0.03309572539877801,25,"[25.191475821164488, 0.03309572539877801]"
3,0.7537356714407604,1.0,0.5074713428815206,18,0.21219542056294105,0.005827175957007095,1,"[1.212195420562941, 0.005827175957007095, 0.3, 0.0, 64.3, 0.3, -1.164084433310475, -1.0, 98.2, 0.09740745471105494, -1.0, 51.4, 0.035213387415026956, 30.4, 0.05, 16.4, 16.4, 0.05, -1.0, -1.0]"
3,0.9125774999459584,0.9572829008102417,0.8678720990816752,0,0.1329516423289796,0.12095815705450752,18,"[18.13295164232898, 0.12095815705450752]"
3,0.8822510540485382,0.8914565642674764,0.8730455438296,3,0.345737910582244,0.005951455696400058,28,"[28.345737910582244, 0.005951455696400058, 63.2, 0.1, -1.0]"
3,0.8852684398492178,0.900560220082601,0.8699766596158346,0,0.345737910582244,0.03641901133165078,28,"[28.345737910582244, 0.03641901133165078]"
3,0.903414676586787,0.9516806801160177,0.8551486730575562,6,0.16769616193206716,0.04611864029571165,19,"[19.167696161932067, 0.04611864029571165, 0.05, -1.0, -1.0, 16.4, 0.05, -1.0]"
3,0.9071768323580425,0.9439775943756104,0.8703760703404745,0,0.16769616193206716,0.06547907852725376,19,"[19.167696161932067, 0.06547907852725376]"
3,0.8568401833375294,0.855042020479838,0.858638346195221,6,0.4373762507304306,0.0423664608106009,23,"[23.43737625073043, 0.0423664608106009, 1.3, 0.0, 16.3, 37.1, 0.13144897437832956, -1.0]"
3,0.8776499728361766,0.8991596698760986,0.8561402757962545,6,0.3257429580226088,0.06758009542696213,31,"[31.32574295802261, 0.06758009542696213, 63.4, 0.1803063184155018, 63.2, 0.1803063184155018, -1.0, -1.0]"
3,0.888480007648468,0.9215686122576395,0.8553914030392965,9,0.25,0.0004455576783851656,32,"[32.25, 0.0004455576783851656, 64.3, 0.0, -1.0, 64.2, 0.05, -1.0, 16.4, 0.07926685410671502, -1.0]"
3,0.9060587485631307,0.9509803851445516,0.8611371119817098,0,0.14067161019008267,0.22200891384606478,17,"[17.140671610190083, 0.22200891384606478]"
3,0.8755969107151031,0.9537815054257711,0.7974123160044352,12,0.17257353144596088,0.04586977771515231,9,"[9.17257353144596, 0.04586977771515231, 0.3, 0.0, 64.3, 0.0, -1.164084433310475, -1.0, 98.2, 0.09740745471105494, -1.0, 0.0, -1.0, -1.0]"
3,0.9053533176581066,0.9425770243008932,0.8681296110153198,0,0.17257353144596088,0.07957243171179118,9,"[9.17257353144596, 0.07957243171179118]"
3,0.8516649305820465,0.8277311126391093,0.8755987485249838,3,0.5,0.007358944136047787,32,"[32.5, 0.007358944136047787, 19.2, 0.06345559636057485, -1.0]"
3,0.90496160586675,0.9390756289164225,0.8708475828170776,0,0.19147582116448802,0.09228354036626443,25,"[25.191475821164488, 0.09228354036626443]"
3,0.9069373905658722,0.9481792648633321,0.8656955162684122,6,0.15381485872172362,0.06547907852725376,36,"[36.153814858721724, 0.06547907852725376, 0.05, -1.0, -1.0, 16.4, 0.04344555936015598, -1.0]"
3,0.9125282367070516,0.953081210454305,0.8719752629597982,0,0.16769616193206716,0.06547907852725376,19,"[19.167696161932067, 0.06547907852725376]"
3,0.869916707277298,0.8809523781140646,0.8588810364405314,6,0.39091052608402777,0.0619013014795179,51,"[51.39091052608403, 0.0619013014795179, 2.3, 0.0, 16.3, 17.1, 0.1, -1.0]"
3,0.8591322600841522,0.8599439859390259,0.8583205342292786,3,0.4373762507304306,0.06758009542696213,23,"[23.43737625073043, 0.06758009542696213, 63.2, 0.1803063184155018, -1.0]"
3,0.8986293077468872,0.9264705777168274,0.870788037776947,9,0.25,0.01,32,"[32.25, 0.01, 64.3, 0.0, -1.0, 64.2, 0.05, -1.0, 0.4, 0.05, -1.0]"
3,0.9007580876350403,0.9488795598347982,0.8526366154352824,0,0.12802681114289527,0.24829568041204003,8,"[8.128026811142895, 0.24829568041204003]"
3,0.8501499990622203,0.9537815054257711,0.7465184926986694,12,0.17257353144596088,0.06715224013173442,9,"[9.17257353144596, 0.06715224013173442, 0.3, 0.0, 0.3, 0.0, 64.3, 64.3, 98.2, 0.09740745471105494, -1.0, 0.05, -1.0, -1.0]"
3,0.9079547425111134,0.9453781644503275,0.8705313205718994,0,0.17257353144596088,0.020341089053371234,9,"[9.17257353144596, 0.020341089053371234]"
3,0.8566790719827015,0.8403361439704895,0.8730219999949137,3,0.5,0.0012544611155989001,32,"[32.5, 0.0012544611155989001, 63.2, 0.1, -1.0]"
3,0.9034282763799032,0.9369747837384542,0.8698817690213522,0,0.19147582116448802,0.06547907852725376,25,"[25.191475821164488, 0.06547907852725376]"
3,0.8743901948134105,0.9404761791229248,0.8083042105038961,15,0.16769616193206716,0.0999625754060024,19,"[19.167696161932067, 0.0999625754060024, 64.2, 0.05, 64.2, 0.05, 64.2, 64.2, 0.4, -1.0, -1.0, 16.4, 0.05, 16.4, 0.05, -1.0, -1.0]"
3,0.9085733592510223,0.9467787146568298,0.8703680038452148,0,0.16769616193206716,0.06547907852725376,19,"[19.167696161932067, 0.06547907852725376]"
3,0.8688567578792572,0.8732493122418722,0.8644642035166422,6,0.4373762507304306,0.06377700905174058,23,"[23.43737625073043, 0.06377700905174058, 2.3, 0.0, 2.3, 0.0, 16.3, 16.3]"
3,0.8278528253237407,0.8144257664680481,0.8412798841794332,3,0.5084125334317022,0.1615066143258559,22,"[22.508412533431702, 0.1615066143258559, 63.2, 0.1803063184155018, -1.0]"
3,0.8867620527744293,0.930672268072764,0.8428518374760946,9,0.19147582116448802,0.06547907852725376,25,"[25.191475821164488, 0.06547907852725376, 64.2, 0.05, 64.2, 0.05, -1.0, -1.0, 16.4, 0.05, -1.0]"
3,0.9081316391626993,0.9446778694788615,0.8715854088465372,0,0.19147582116448802,0.06547907852725376,25,"[25.191475821164488, 0.06547907852725376]"
3,0.8820734322071075,0.9369748036066691,0.827172060807546,15,0.17257353144596088,0.0770753113317588,9,"[9.17257353144596, 0.0770753113317588, 0.0, -1.164084433310475, 0.0, -1.164084433310475, -1.0, -1.0, 98.2, 0.09740745471105494, -1.0, 0.0, -1.0, 0.05, -1.0, -1.0, -1.0]"
3,0.9026927053928375,0.941876749197642,0.8635086615880331,0,0.17257353144596088,0.13433602775801143,9,"[9.17257353144596, 0.13433602775801143]"
3,0.8806695640087128,0.8970588246981303,0.8642803033192953,3,0.345737910582244,0.03641901133165078,28,"[28.345737910582244, 0.03641901133165078, 63.2, 0.10133820500012398, -1.0]"
3,0.8870195150375366,0.9033613403638204,0.8706776897112528,0,0.345737910582244,0.03641901133165078,28,"[28.345737910582244, 0.03641901133165078]"
3,0.8822878102461498,0.9376750588417053,0.8269005616505941,15,0.16769616193206716,0.06547907852725376,19,"[19.167696161932067, 0.06547907852725376, 64.3, 0.0, 64.3, 0.0, -1.6888012303370203, -1.0, 0.05, -1.0, -1.0, 10.4, 0.05, 16.4, 0.1, -1.0, -1.0]"
3,0.907889982064565,0.9446778694788615,0.8711020946502686,0,0.16769616193206716,0.04098230131995134,19,"[19.167696161932067, 0.04098230131995134]"
3,0.8503298461437225,0.8438375393549601,0.856822152932485,9,0.4373762507304306,0.1817144430518852,23,"[23.43737625073043, 0.1817144430518852, 2.3, 0.0, 2.3, 0.0, 16.3, 16.3, 0.1, 0.1, -1.0]"
3,0.857375293970108,0.8578431407610575,0.8569074471791586,6,0.4373762507304306,0.09651550732662535,23,"[23.43737625073043, 0.09651550732662535, 2.3, 0.0, 2.3, 0.0, 16.3, 16.3]"
4,0.8967222968737285,0.918767511844635,0.8746770819028219,9,0.25,0.01,32,"[32.25, 0.01, 64.3, 0.0, -1.0, 64.2, 0.05, -1.0, 16.4, 0.05, -1.0]"
4,0.9128036896387737,0.9565826257069906,0.8690247535705566,0,0.1329516423289796,0.12095815705450752,18,"[18.13295164232898, 0.12095815705450752]"
4,0.913761814435323,0.9586834708849589,0.8688401579856873,0,0.1329516423289796,0.12095815705450752,18,"[18.13295164232898, 0.12095815705450752]"
4,0.8599601487318674,0.843137244383494,0.8767830530802408,3,0.5,0.007358944136047787,32,"[32.5, 0.007358944136047787, 63.2, 0.1, -1.0]"
4,0.8977521161238352,0.9222689072291056,0.8732353250185648,12,0.25,0.01,32,"[32.25, 0.01, 64.3, 0.0, -1.0, 64.2, 0.05, 64.2, 0.05, -1.0, -1.0, 16.4, 0.05, -1.0]"
4,0.9173537095387776,0.9726890722910563,0.862018346786499,0,0.08539232386413431,0.12095815705450752,6,"[6.085392323864134, 0.12095815705450752]"
4,0.7537356714407604,1.0,0.5074713428815206,18,0.21219542056294105,0.005827175957007095,1,"[1.212195420562941, 0.005827175957007095, 0.3, 0.0, 64.3, 0.3, -1.164084433310475, -1.0, 98.2, 0.09740745471105494, -1.0, 51.4, 0.035213387415026956, 30.4, 0.05, 16.4, 16.4, 0.05, -1.0, -1.0]"
4,0.9125282367070516,0.953081210454305,0.8719752629597982,0,0.16769616193206716,0.06547907852725376,19,"[19.167696161932067, 0.06547907852725376]"
4,0.7515954772631327,0.6274509827295939,0.8757399717966715,6,0.75,0.004717888272095574,32,"[32.75, 0.004717888272095574, 63.2, 0.1803063184155018, -1.0, 17.1, 0.1, -1.0]"
4,0.7513766586780548,1.0,0.5027533173561096,15,0.21219542056294105,0.013346323208961319,1,"[1.212195420562941, 0.013346323208961319, 0.3, 0.0, 64.3, 0.0, -1.164084433310475, -1.0, 98.2, 0.09740745471105494, -1.0, 30.4, 0.05, 16.4, 0.05, -1.0, -1.0]"
4,0.6530950665473938,0.7983193397521973,0.5078707933425903,6,0.2744580292673171,0.16869501144361682,0,"[0.2744580292673171, 0.16869501144361682, 64.3, 0.0, -1.0, 64.2, 0.05, -1.0]"
4,0.9059778253237407,0.9404761989911398,0.8714794516563416,0,0.2072961475269821,0.12447378359432834,44,"[44.20729614752698, 0.12447378359432834]"
4,0.9126429955164591,0.9586834708849589,0.8666025201479594,0,0.1329516423289796,0.01782573211479207,18,"[18.13295164232898, 0.01782573211479207]"
4,0.8014584283034007,0.7780112028121948,0.8249056537946066,3,0.49535483784417167,0.007358944136047787,4,"[4.495354837844172, 0.007358944136047787, 97.2, 0.1, -1.0]"
4,0.8628734449545543,0.9467787146568298,0.7789681752522787,9,0.16769616193206716,0.06547907852725376,19,"[19.167696161932067, 0.06547907852725376, 64.3, 0.0, -1.0, 64.2, 0.05, 64.2, 22.4, 0.0072278945661858225, -1.0]"
4,0.9243590831756592,0.976890762646993,0.8718274037043253,0,0.09851389353348594,0.06547907852725376,52,"[52.098513893533486, 0.06547907852725376]"
4,0.857634574174881,0.9922969142595927,0.7229722340901693,18,0.18994579124750466,0.0082312797099922,10,"[10.189945791247505, 0.0082312797099922, 0.3, 0.0, 64.3, 0.3, -0.4895133801066897, -1.0, 98.2, 0.3001858767008511, -1.0, 51.4, 0.035213387415026956, 51.4, 0.035213387415026956, 58.744554140432115, 30.4, 0.05, 16.4, 16.4]"
4,0.9049292504787445,0.9383753538131714,0.8714831471443176,0,0.18994579124750466,0.03565312724213043,10,"[10.189945791247505, 0.03565312724213043]"
4,0.8472447991371155,0.8340336283047994,0.8604559699694315,3,0.4810977102814711,0.009032105740528446,16,"[16.48109771028147, 0.009032105740528446, 17.1, 0.16905029765674806, -1.0]"
4,0.8417679468790691,0.831932783126831,0.851603110631307,21,0.4810977102814711,0.009032105740528446,16,"[16.48109771028147, 0.009032105740528446, 63.2, 0.1803063184155018, -1.0, 0.0, -1.164084433310475, -1.0, 110.2, 0.09740745471105494, 98.2, 0.09740745471105494, -1.0, -1.0, 14.4, 0.05, 16.4, 0.0, -1.0, 0.05, -1.0, -1.7951353759070257, -1.0]"
4,0.8917901714642843,0.9369747837384542,0.8466055591901144,12,0.19147582116448802,0.16791586734355413,25,"[25.191475821164488, 0.16791586734355413, 64.3, 0.0, 64.3, 0.0, -1.0, -1.0, 64.2, 0.05, 64.2, 0.0, -0.4634491070861957, -1.0]"
4,0.9068899254004161,0.9418767293294271,0.871903121471405,0,0.19147582116448802,0.0704466833761126,25,"[25.191475821164488, 0.0704466833761126]"
4,0.9266026119391123,0.9810924331347147,0.8721127907435099,0,0.08776000302545484,0.05696688120273793,22,"[22.087760003025455, 0.05696688120273793]"
4,0.8571410179138184,0.8382352987925211,0.8760467370351156,3,0.5,0.007358944136047787,32,"[32.5, 0.007358944136047787, 84.2, 0.1, -1.0]"
4,0.8625950217247009,0.9600840210914612,0.7651060223579407,15,0.13185967685297229,0.11590081925341815,5,"[5.131859676852972, 0.11590081925341815, 141.3, 0.0, -1.0, 64.2, 0.05, 64.2, 0.05, -1.0, -1.0, 28.4, 0.05, 16.4, 0.0, -0.7388356810530827, -1.0]"
4,0.9074681301911671,0.9446778694788615,0.8702583909034729,0,0.16769616193206716,0.06547907852725376,19,"[19.167696161932067, 0.06547907852725376]"
4,0.8766330083211263,0.9460784395535787,0.807187577088674,15,0.18994579124750466,0.03565312724213043,10,"[10.189945791247505, 0.03565312724213043, 0.3, -1.164084433310475, -1.0, 98.2, 0.09740745471105494, -1.0, 0.1, 16.4, 16.4, 0.05, -1.0, 0.05, -0.6, -2.2052407730199652, -1.0]"
4,0.9031300346056621,0.9355742335319519,0.8706858356793722,0,0.20170660446690647,0.03565312724213043,22,"[22.201706604466906, 0.03565312724213043]"
4,0.7329895198345184,0.6099439660708109,0.856035073598226,9,0.75,0.004717888272095574,32,"[32.75, 0.004717888272095574, 63.2, 0.37444641476993545, -1.0, 17.1, 0.1, 17.1, 0.1, -0.3984061083420025, -1.0]"
4,0.7529592613379161,0.9985994299252828,0.5073190927505493,15,0.21219542056294105,0.03867807898961433,1,"[1.212195420562941, 0.03867807898961433, 0.3, 0.0, 64.3, 0.0, -1.164084433310475, -1.0, 98.2, 0.11523476687956864, -1.0, 64.4, 0.05, 16.4, 0.05, -1.0, -1.0]"
4,0.8695312738418579,0.9152661164601644,0.8237964312235514,12,0.19147582116448802,0.11209055842952532,25,"[25.191475821164488, 0.11209055842952532, 64.3, 0.0, -1.0, 64.2, 0.05, 64.2, 0.3, -1.0, -1.0, 16.4, 0.05, -1.0]"
4,0.9050469398498535,0.9397759040196737,0.8703179756800333,0,0.19147582116448802,0.06547907852725376,25,"[25.191475821164488, 0.06547907852725376]"
4,0.8841724395751953,0.8977591196695963,0.8705857594807943,0,0.316475821164488,0.08322904980796865,25,"[25.316475821164488, 0.08322904980796865]"
4,0.8812050720055898,0.900560220082601,0.8618499239285787,3,0.316475821164488,0.07264827561895512,25,"[25.316475821164488, 0.07264827561895512, 63.2, 0.1, -1.0]"
4,0.9018603662649791,0.9572829206784567,0.8464378118515015,12,0.16769616193206716,0.03176957830645833,19,"[19.167696161932067, 0.03176957830645833, 64.3, 0.0, -1.0, 51.2, 0.05, 64.2, 0.05, -1.0, -1.0, 16.4, 0.05, -1.0]"
4,0.909564197063446,0.9488795598347982,0.8702488342920939,0,0.16769616193206716,0.05164185780832682,19,"[19.167696161932067, 0.05164185780832682]"
4,0.7569671372572581,0.9978991548220316,0.5160351196924845,24,0.15914795281428917,0.03565312724213043,2,"[2.159147952814289, 0.03565312724213043, 0.3, 0.0, 64.3, 0.4, -1.164084433310475, 0.3, -1.164084433310475, -1.0, -1.0, 98.2, 0.08939625890314112, -1.0, 51.4, 0.035213387415026956, 30.4, 0.05, 16.4, 0.05, 16.4, 16.4, 16.4, 0.05, -1.0, -1.0]"
4,0.8994086583455403,0.9299719929695129,0.8688453237215678,0,0.23749952324853396,0.055527507925151015,8,"[8.237499523248534, 0.055527507925151015]"
4,0.7452006141344707,0.6155462265014648,0.8748550017674764,6,0.75,0.004717888272095574,32,"[32.75, 0.004717888272095574, 63.2, 0.1803063184155018, -1.0, 17.1, 0.1, -1.0]"
4,0.7479815483093262,1.0,0.49596309661865234,21,0.21219542056294105,0.003916208448749639,1,"[1.212195420562941, 0.003916208448749639, 1.3, 0.0, 0.3, 0.0, 64.3, 64.3, 0.0, -1.164084433310475, 0.0, -1.164084433310475, -1.0, -1.0, 98.2, 0.09740745471105494, -1.0, 30.4, 0.05, 16.4, 0.05, -2.808872421241719, -1.0]"
4,0.897504597902298,0.9453781445821127,0.8496310512224833,12,0.19147582116448802,0.06547907852725376,25,"[25.191475821164488, 0.06547907852725376, 64.3, 0.0, -1.0, 64.2, 0.05, 64.2, 0.0, -1.0, -1.0, 58.4, 0.05, -1.0]"
4,0.9081044296423595,0.9488795598347982,0.8673292994499207,0,0.19147582116448802,0.13349553023745636,25,"[25.191475821164488, 0.13349553023745636]"
4,0.888889729976654,0.906862755616506,0.8709167043368021,0,0.316475821164488,0.06415855059527766,25,"[25.316475821164488, 0.06415855059527766]"
4,0.8854688704013824,0.9026610453923544,0.8682766954104105,3,0.316475821164488,0.014797925663073476,25,"[25.316475821164488, 0.014797925663073476, 63.2, 0.04451435596996241, -1.0]"
4,0.8986833393573761,0.9404761791229248,0.8568904995918274,21,0.18323911735969745,0.06547907852725376,52,"[52.1832391173597, 0.06547907852725376, 64.3, 0.0, 64.3, 0.0, -0.6956412236854379, -1.0, 64.2, 0.05, 64.2, 0.05, -1.0, 0.05, -1.0, -1.0, -1.0, 20.4, 0.05, 16.4, 0.05, -1.0, -1.0]"
4,0.9011115531126658,0.9390756289164225,0.8631474773089091,0,0.16769616193206716,0.014486763619687279,19,"[19.167696161932067, 0.014486763619687279]"
4,0.8615015745162964,0.9271708726882935,0.7958322763442993,18,0.2073942050491464,0.03565312724213043,13,"[13.207394205049146, 0.03565312724213043, 0.3, 0.0, 64.3, 0.3, -1.164084433310475, -1.0, 98.2, 0.11179937128468397, -1.0, 0.0, 16.4, 16.4, 0.05, -1.0, 0.05, -1.0, -1.0, -1.0]"
4,0.9084240198135376,0.9460784196853638,0.8707696199417114,0,0.18994579124750466,0.029976519727746512,10,"[10.189945791247505, 0.029976519727746512]"
4,0.831500252087911,0.8228291471799215,0.8401713569959005,3,0.4810977102814711,0.0005527363604946767,16,"[16.48109771028147, 0.0005527363604946767, 24.2, 0.1803063184155018, -1.0]"
4,0.7160710195700328,0.7079831957817078,0.7241588433583578,18,0.4810977102814711,0.009032105740528446,16,"[16.48109771028147, 0.009032105740528446, 0.3, 0.1803063184155018, 0.3, 0.1803063184155018, -0.031224614572311182, -1.0, 32.1, -1.164084433310475, 17.1, -0.9, -1.2674623088478967, -1.0, 98.2, 0.09740745471105494, -1.0, 0.05, -1.0, -1.0]"
5,0.8967222968737285,0.918767511844635,0.8746770819028219,9,0.25,0.01,32,"[32.25, 0.01, 64.3, 0.0, -1.0, 64.2, 0.05, -1.0, 16.4, 0.05, -1.0]"
5,0.8599601487318674,0.843137244383494,0.8767830530802408,3,0.5,0.007358944136047787,32,"[32.5, 0.007358944136047787, 63.2, 0.1, -1.0]"
5,0.8977521161238352,0.9222689072291056,0.8732353250185648,12,0.25,0.01,32,"[32.25, 0.01, 64.3, 0.0, -1.0, 64.2, 0.05, 64.2, 0.05, -1.0, -1.0, 16.4, 0.05, -1.0]"
5,0.7537356714407604,1.0,0.5074713428815206,18,0.21219542056294105,0.005827175957007095,1,"[1.212195420562941, 0.005827175957007095, 0.3, 0.0, 64.3, 0.3, -1.164084433310475, -1.0, 98.2, 0.09740745471105494, -1.0, 51.4, 0.035213387415026956, 30.4, 0.05, 16.4, 16.4, 0.05, -1.0, -1.0]"
5,0.857634574174881,0.9922969142595927,0.7229722340901693,18,0.18994579124750466,0.0082312797099922,10,"[10.189945791247505, 0.0082312797099922, 0.3, 0.0, 64.3, 0.3, -0.4895133801066897, -1.0, 98.2, 0.3001858767008511, -1.0, 51.4, 0.035213387415026956, 51.4, 0.035213387415026956, 58.744554140432115, 30.4, 0.05, 16.4, 16.4]"
5,0.9266026119391123,0.9810924331347147,0.8721127907435099,0,0.08776000302545484,0.05696688120273793,22,"[22.087760003025455, 0.05696688120273793]"
5,0.7569671372572581,0.9978991548220316,0.5160351196924845,24,0.15914795281428917,0.03565312724213043,2,"[2.159147952814289, 0.03565312724213043, 0.3, 0.0, 64.3, 0.4, -1.164084433310475, 0.3, -1.164084433310475, -1.0, -1.0, 98.2, 0.08939625890314112, -1.0, 51.4, 0.035213387415026956, 30.4, 0.05, 16.4, 0.05, 16.4, 16.4, 16.4, 0.05, -1.0, -1.0]"
5,0.8571410179138184,0.8382352987925211,0.8760467370351156,3,0.5,0.007358944136047787,32,"[32.5, 0.007358944136047787, 84.2, 0.1, -1.0]"
5,0.7513766586780548,1.0,0.5027533173561096,15,0.21219542056294105,0.013346323208961319,1,"[1.212195420562941, 0.013346323208961319, 0.3, 0.0, 64.3, 0.0, -1.164084433310475, -1.0, 98.2, 0.09740745471105494, -1.0, 30.4, 0.05, 16.4, 0.05, -1.0, -1.0]"
5,0.9243590831756592,0.976890762646993,0.8718274037043253,0,0.09851389353348594,0.06547907852725376,52,"[52.098513893533486, 0.06547907852725376]"
5,0.8909390767415364,0.9166666666666666,0.8652114868164062,6,0.25,0.01,32,"[32.25, 0.01, 64.3, 0.0, 64.3, 0.0, -1.0, -1.0]"
5,0.8546812037626903,0.8361344536145529,0.8732279539108276,6,0.5,0.0053860405426623984,32,"[32.5, 0.0053860405426623984, 63.2, 0.1, 63.2, 0.1, -1.0, -1.0]"
5,0.886572281519572,0.9236694773038229,0.849475085735321,12,0.23612955555028137,0.007913587978503547,20,"[20.23612955555028, 0.007913587978503547, 64.3, 0.0, -1.0, 0.3, 0.05, 0.3, 0.05, 64.2, 64.2, 13.4, 0.0401338125448256, -1.0]"
5,0.8743500908215841,0.9061624606450399,0.8425377209981283,18,0.22866246364324816,0.007913587978503547,14,"[14.228662463643248, 0.007913587978503547, 64.3, 0.0, -1.0, 0.3, -1.164084433310475, 0.3, -2.2, -1.0, -1.0, 98.2, 0.0039678422814414084, -1.0, 51.4, 0.035213387415026956, 51.4, 0.1, 30.4, 30.4]"
5,0.8238493800163269,0.9152660965919495,0.7324326634407043,15,0.24885420103982803,0.0082312797099922,3,"[3.248854201039828, 0.0082312797099922, 0.3, 0.0, 64.3, 0.4, -0.4895133801066897, -1.0, 98.2, 0.3796265322258354, -1.0, 51.4, 0.035213387415026956, 51.4, 0.05, 16.4, 16.4]"
5,0.9268714984258015,0.9852941036224365,0.8684488932291666,0,0.08577840894083266,0.05696688120273793,46,"[46.08577840894083, 0.05696688120273793]"
5,0.7533377309640248,1.0,0.5066754619280497,24,0.15914795281428917,0.05260891514624819,2,"[2.159147952814289, 0.05260891514624819, 0.3, 0.0, 0.3, 0.0, 64.3, 64.3, 0.4, -1.164084433310475, 0.4, -1.164084433310475, 0.3, 0.3, 98.2, 0.08939625890314112, -1.0, 77.4, 0.035213387415026956, 30.4, 0.0, 16.4, 0.05, 16.4, 16.4, 16.4]"
5,0.8360726535320282,0.819327731927236,0.8528175751368204,6,0.5,0.0010933855192716486,32,"[32.5, 0.0010933855192716486, 84.1, 0.1, 84.2, 0.4, -1.0, -1.0]"
5,0.8791141609350841,0.9432773192723592,0.8149510025978088,15,0.15535465704821405,0.03941270086810754,26,"[26.155354657048214, 0.03941270086810754, 0.3, 0.0, 64.3, 98.2, 0.09740745471105494, 98.2, 0.09740745471105494, -0.4834593034098402, -1.0, 8.4, 0.05, 16.4, 0.05, -1.0, -1.0]"
5,0.9067156116167704,0.941876749197642,0.8715544740358988,0,0.19111377298375132,0.07992070375945284,18,"[18.19111377298375, 0.07992070375945284]"
5,0.8968395988146465,0.9208683371543884,0.8728108604749044,9,0.25,0.007599006677907971,32,"[32.25, 0.007599006677907971, 64.2, 0.05, 64.2, 0.05, -1.0, -1.0, 16.4, 0.05, -1.0]"
5,0.8571480214595795,0.836834728717804,0.877461314201355,3,0.5,0.007358944136047787,32,"[32.5, 0.007358944136047787, 63.2, 0.1, -1.0]"
5,0.8974424302577972,0.929971973101298,0.8649128874142965,9,0.23109771028147108,0.014702225318162662,16,"[16.23109771028147, 0.014702225318162662, 64.2, -1.164084433310475, 64.2, -0.8, -1.0, -1.0, 0.05, -1.0, -1.0]"
5,0.8464169005552927,0.9173669616381327,0.7754668394724528,18,0.23109771028147108,0.007913587978503547,16,"[16.23109771028147, 0.007913587978503547, 97.2, 0.05, 64.2, 98.2, 0.09740745471105494, 98.2, 0.09740745471105494, -1.0, -1.0, 51.4, 0.04439925459140775, 51.4, 0.0, 23.095280056496744, 30.4, 0.05, 16.4, 16.4]"
5,0.8582363029321035,0.9957983096440634,0.7206742962201437,24,0.13885289713648064,0.032599080456365066,16,"[16.13885289713648, 0.032599080456365066, 0.3, 0.0, 64.3, 0.3, -0.4895133801066897, 0.3, -0.4895133801066897, -1.0, -1.0, 98.2, 0.015189254285795121, 98.2, 0.3, -1.0, -1.0, 51.2, 0.03881214417872469, 51.4, 0.0, 51.4, 51.4, 0.035213387415026956, 58.744554140432115, 30.4]"
5,0.9198723832766216,0.9719887971878052,0.8677559693654379,0,0.11994068112433709,0.005683450052422059,11,"[11.119940681124337, 0.005683450052422059]"
5,0.8599116106828054,0.8697478969891866,0.8500753243764242,24,0.40559408043040435,0.012856653911277794,51,"[51.405594080430404, 0.012856653911277794, 84.2, 0.1, -1.0, 0.4, -1.164084433310475, 0.3, -0.2, -1.5361075012770637, -1.0, 98.2, 0.08939625890314112, -1.0, 37.4, 0.035213387415026956, 30.4, 16.4, 16.4, 16.4, 16.4, 16.4, 16.4, 0.0, -1.0, -1.0]"
5,0.8929696977138519,0.9173669417699178,0.868572453657786,6,0.28371203149475477,0.004223398805637132,22,"[22.283712031494755, 0.004223398805637132, 44.2, 0.1, 84.2, 0.3, -1.3732450504379528, -1.0]"
5,0.7443481137355169,1.0,0.48869622747103375,18,0.20202542802897305,0.0004562958562377063,1,"[1.202025428028973, 0.0004562958562377063, 0.3, 0.0, 64.3, 0.0, -1.164084433310475, -1.0, 60.2, 0.09740745471105494, -1.0, 30.4, 0.05, 30.4, 0.05, 16.4, 16.4, 0.05, -2.593639697276869, -1.0]"
5,0.9292161862055461,1.0,0.8584323724110922,0,0.09851389353348594,0.009067279132662698,52,"[52.098513893533486, 0.009067279132662698]"
5,0.8935640056927999,0.9194677670796713,0.8676602443059286,12,0.25,0.0009007296025730871,32,"[32.25, 0.0009007296025730871, 64.3, 0.0, 64.3, 0.0, -1.0, -1.0, 89.2, 0.05, -1.0, 41.4, 0.09155185391004528, -1.0]"
5,0.8913756410280864,0.8991596698760986,0.8835916121800741,3,0.36104502575038566,0.007358944136047787,81,"[81.36104502575039, 0.007358944136047787, 63.2, 0.1, -1.0]"
5,0.8705596427122753,0.9264705777168274,0.814648707707723,12,0.23109771028147108,0.009500625403332097,16,"[16.23109771028147, 0.009500625403332097, 0.3, 0.05, 64.2, 0.05, -1.0, -1.0, 16.4, 0.0013846755609851936, 16.4, 0.05, -1.0, -1.0]"
5,0.8412089149157207,0.9208683371543884,0.7615494926770529,24,0.23109771028147108,0.007913587978503547,16,"[16.23109771028147, 0.007913587978503547, 0.3, 0.05, 0.3, 0.1, 64.2, 64.2, 98.2, 0.06284516949802699, -1.0, 51.4, 0.035213387415026956, 51.4, 0.035213387415026956, 30.4, 30.4, 0.0, 16.4, 0.05, 16.4, 16.4, 16.4, 0.0, -0.2994703399128935, -1.0]"
5,0.8554918269316356,1.0,0.7109836538632711,18,0.18994579124750466,0.0082312797099922,10,"[10.189945791247505, 0.0082312797099922, 0.3, 0.0, 64.3, 0.3, -0.4895133801066897, -1.0, 98.2, 0.3001858767008511, -1.0, 51.4, 0.035213387415026956, 51.4, 0.035213387415026956, 58.744554140432115, 30.4, 0.05, 14.777365469991114, 16.4]"
5,0.9210430483023325,0.9726890722910563,0.8693970243136088,0,0.08776000302545484,0.13416353867471797,22,"[22.087760003025455, 0.13416353867471797]"
5,0.8317672610282898,0.9390756289164225,0.7244588931401571,39,0.24993699958346127,0.03273114247427307,56,"[56.24993699958346, 0.03273114247427307, 84.3, 0.255431101902548, -1.0, 0.4, -0.8772117822555052, 0.4, -0.2, 0.3, 0.3, -0.2, -1.0, -1.164084433310475, -0.8, -1.0, -1.0, 98.2, 0.13729305222404542, 98.2, 0.1, -1.0, -1.0, 51.4, 0.035213387415026956, 30.4, 0.0, 16.4, 0.05, 16.4, 16.4, 16.4, 16.4, 41.64545778009352, 16.4, 0.05, -0.37365466672430836, 0.05, -1.0, -1.0, -1.0]"
5,0.8665797313054403,0.9061624606450399,0.8269970019658407,3,0.3295739764071435,0.00663560454258672,17,"[17.329573976407143, 0.00663560454258672, 0.3, 0.0, 64.3]"
5,0.9099724491437275,0.9439775943756104,0.8759673039118449,9,0.20572908693655734,0.03941270086810754,54,"[54.20572908693656, 0.03941270086810754, 0.0, -1.164084433310475, -1.0, 30.4, 0.05, 16.4, 0.05, -0.399381722064983, -1.0]"
5,0.9055746992429098,0.9453781445821127,0.8657712539037069,0,0.15535465704821405,0.02518911285656441,26,"[26.155354657048214, 0.02518911285656441]"
5,0.88296311100324,0.8872549136479696,0.8786713083585104,6,0.375,0.004517170068959827,32,"[32.375, 0.004517170068959827, 64.2, 0.05, -1.0, 16.3, 0.045867693683036226, -1.0]"
5,0.8712698419888814,0.8746498624483744,0.8678898215293884,6,0.40501781031346695,0.008679472068023893,42,"[42.40501781031347, 0.008679472068023893, 63.2, 0.1, 63.2, 0.1, -0.7697358747930163, -1.0]"
5,0.8904190361499786,0.9173669616381327,0.8634711106618246,15,0.25,0.01,32,"[32.25, 0.01, 64.2, 0.05, 64.2, 0.0, -1.640282190246118, 0.05, -1.0, -1.0, -1.0, 16.4, 0.05, 16.4, 0.05, -1.0, -1.0]"
5,0.742889071504275,1.0,0.48577814300855,21,0.21219542056294105,0.005827175957007095,1,"[1.212195420562941, 0.005827175957007095, 0.3, 0.0, 64.3, 0.3, -0.5327449963047466, 0.3, -0.7, -1.0, -1.0, 0.0, 16.4, 0.05, 16.4, 16.4, 16.4, 0.0, -1.0, 0.05, -1.0, -0.889593716034123, -1.0]"
5,0.8773873349030812,1.0,0.7547746698061625,21,0.18994579124750466,0.0005300754242448245,10,"[10.189945791247505, 0.0005300754242448245, 0.3, 0.0, 64.3, 0.3, -0.4895133801066897, -1.0, 98.2, 0.3001858767008511, -1.0, 51.4, 0.035213387415026956, 51.4, 0.035213387415026956, 51.4, 51.4, 0.1, 58.744554140432115, 30.4, 0.05, 16.4, 16.4]"
5,0.9265235463778179,0.982493003209432,0.8705540895462036,0,0.08776000302545484,0.05696688120273793,22,"[22.087760003025455, 0.05696688120273793]"
5,0.7578689555327098,0.9964986046155294,0.5192393064498901,36,0.15914795281428917,0.0017974324820826447,2,"[2.159147952814289, 0.0017974324820826447, 0.3, 0.0, 64.3, 0.4, -1.164084433310475, 0.4, -1.164084433310475, 0.3, 0.3, -1.164084433310475, -2.198041633444726, -1.0, 98.1, 0.09004547184764156, 98.2, 0.08939625890314112, -1.3731195972615073, -1.0, 51.4, 0.04072409377459118, 30.4, 0.0, 45.51121641620233, 0.05, 22.4, 0.05, 0.05, 1.4, 16.4, 16.4, 0.05, -1.0, 0.05, -1.0, -1.0, -1.0]"
5,0.8551593522230785,0.8347339034080505,0.8755848010381063,3,0.5,0.011204014128664112,32,"[32.5, 0.011204014128664112, 84.2, 0.1, -1.0]"
5,0.887362649043401,0.9355742335319519,0.8391510645548502,6,0.12841847820322627,0.04330062046288722,12,"[12.128418478203226, 0.04330062046288722, 45.4, 0.05514341963889152, 30.4, 0.0, 16.4, 16.4]"
5,0.9109029769897461,0.9523809552192688,0.8694249987602234,0,0.15535465704821405,0.03398914584450608,26,"[26.155354657048214, 0.03398914584450608]"
6,0.9266026119391123,0.9810924331347147,0.8721127907435099,0,0.08776000302545484,0.05696688120273793,22,"[22.087760003025455, 0.05696688120273793]"
6,0.9268714984258015,0.9852941036224365,0.8684488932291666,0,0.08577840894083266,0.05696688120273793,46,"[46.08577840894083, 0.05696688120273793]"
6,0.9292161862055461,1.0,0.8584323724110922,0,0.09851389353348594,0.009067279132662698,52,"[52.098513893533486, 0.009067279132662698]"
6,0.8913756410280864,0.8991596698760986,0.8835916121800741,3,0.36104502575038566,0.007358944136047787,81,"[81.36104502575039, 0.007358944136047787, 63.2, 0.1, -1.0]"
6,0.9099724491437275,0.9439775943756104,0.8759673039118449,9,0.20572908693655734,0.03941270086810754,54,"[54.20572908693656, 0.03941270086810754, 0.0, -1.164084433310475, -1.0, 30.4, 0.05, 16.4, 0.05, -0.399381722064983, -1.0]"
6,0.9265235463778179,0.982493003209432,0.8705540895462036,0,0.08776000302545484,0.05696688120273793,22,"[22.087760003025455, 0.05696688120273793]"
6,0.8773873349030812,1.0,0.7547746698061625,21,0.18994579124750466,0.0005300754242448245,10,"[10.189945791247505, 0.0005300754242448245, 0.3, 0.0, 64.3, 0.3, -0.4895133801066897, -1.0, 98.2, 0.3001858767008511, -1.0, 51.4, 0.035213387415026956, 51.4, 0.035213387415026956, 51.4, 51.4, 0.1, 58.744554140432115, 30.4, 0.05, 16.4, 16.4]"
6,0.88296311100324,0.8872549136479696,0.8786713083585104,6,0.375,0.004517170068959827,32,"[32.375, 0.004517170068959827, 64.2, 0.05, -1.0, 16.3, 0.045867693683036226, -1.0]"
6,0.9243590831756592,0.976890762646993,0.8718274037043253,0,0.09851389353348594,0.06547907852725376,52,"[52.098513893533486, 0.06547907852725376]"
6,0.8977521161238352,0.9222689072291056,0.8732353250185648,12,0.25,0.01,32,"[32.25, 0.01, 64.3, 0.0, -1.0, 64.2, 0.05, 64.2, 0.05, -1.0, -1.0, 16.4, 0.05, -1.0]"
6,0.9275114337603251,0.9831932584444681,0.871829609076182,0,0.08776000302545484,0.05904632469972859,22,"[22.087760003025455, 0.05904632469972859]"
6,0.9228161871433258,0.9754901925722758,0.8701421817143759,0,0.10423438418045805,0.05696688120273793,49,"[49.10423438418046, 0.05696688120273793]"
6,0.9137684603532155,1.0,0.827536920706431,0,0.10097676401770173,0.004553460018744345,93,"[93.1009767640177, 0.004553460018744345]"
6,0.8946449855963389,0.924369732538859,0.8649202386538187,0,0.2825553063523758,0.007358944136047787,4,"[4.282555306352376, 0.007358944136047787]"
6,0.9092066685358683,0.9467786947886149,0.8716346422831217,3,0.20572908693655734,0.03941270086810754,54,"[54.20572908693656, 0.03941270086810754, 0.0, -0.5856202759102127, -1.0]"
6,0.9196476141611735,0.9698879520098368,0.8694072763125101,0,0.08776000302545484,0.1169893023164026,22,"[22.087760003025455, 0.1169893023164026]"
6,0.8543976346651714,1.0,0.7087952693303426,27,0.18994579124750466,0.0011463039844697733,10,"[10.189945791247505, 0.0011463039844697733, 0.3, 0.0, 0.3, 0.0, 64.3, 64.3, 0.3, -0.4895133801066897, -1.0, 98.2, 0.3001858767008511, 98.2, 0.3001858767008511, -1.0, -1.0, 51.4, 0.035213387415026956, 51.4, 0.0, 37.071990684819426, 51.4, 0.1, 58.744554140432115, 0.1, 83.7, 30.4, 30.4]"
6,0.8817063669363657,0.8907562891642252,0.8726564447085062,9,0.375,0.004517170068959827,32,"[32.375, 0.004517170068959827, 64.2, 0.05, -1.0, 13.3, 0.045867693683036226, 16.3, 0.0, -0.7197205927630774, -1.0]"
6,0.9102008243401845,0.9495798349380493,0.8708218137423197,0,0.17425694676674652,0.06743422101139883,42,"[42.17425694676675, 0.06743422101139883]"
6,0.9026250044504802,0.9439775943756104,0.86127241452535,12,0.17425694676674652,0.03773953926362688,42,"[42.17425694676675, 0.03773953926362688, 57.3, 0.0, -1.0, 73.2, 0.05, 64.2, 0.05, -1.0, -1.0, 16.4, 0.05228973965369609, -1.0]"
6,0.9267055789629619,0.982492983341217,0.8709181745847067,0,0.08776000302545484,0.05696688120273793,22,"[22.087760003025455, 0.05696688120273793]"
6,0.9297571976979574,0.9894957741101583,0.8700186212857565,0,0.08577840894083266,0.048846149497841926,46,"[46.08577840894083, 0.048846149497841926]"
6,0.9166766206423441,0.9985994497934977,0.8347537914911906,0,0.09851389353348594,0.005551203228851681,52,"[52.098513893533486, 0.005551203228851681]"
6,0.8883512914180756,0.913165271282196,0.8635373115539551,0,0.36104502575038566,0.007358944136047787,81,"[81.36104502575039, 0.007358944136047787]"
6,0.8813462853431702,0.9544817805290222,0.8082107901573181,9,0.20572908693655734,0.03941270086810754,54,"[54.20572908693656, 0.03941270086810754, 0.4, -1.164084433310475, -1.0, 0.05, -0.6745902804113066, 0.05, -0.399381722064983, -2.313197268543483, -1.0]"
6,0.9342530965805054,1.0,0.8685061931610107,0,0.05002276836169628,0.02827689909036758,25,"[25.050022768361696, 0.02827689909036758]"
6,0.8255048294862112,0.8676470716794332,0.7833625872929891,18,0.28247289562375144,0.0025236227466023256,21,"[21.28247289562375, 0.0025236227466023256, 64.2, 0.0, 64.3, 16.3, -0.4895133801066897, -1.0, 98.2, 0.3001858767008511, -1.0, 51.4, 0.035213387415026956, 51.4, 0.035213387415026956, 142.00021723627557, 51.4, 0.05, 16.4, 16.4]"
6,0.8718523879845937,0.9173669417699178,0.8263378341992696,9,0.28247289562375144,0.0009478546643178221,21,"[21.28247289562375, 0.0009478546643178221, 0.3, 0.0, 64.3, 16.3, 0.04108396682836068, 16.3, 0.045867693683036226, -1.0388288567259445, -1.0]"
6,0.9047229091326396,0.9397759040196737,0.8696699142456055,0,0.17425694676674652,0.03773953926362688,42,"[42.17425694676675, 0.03773953926362688]"
6,0.9077880879243215,0.9453781445821127,0.8701980312665304,9,0.17425694676674652,0.009233989752696214,42,"[42.17425694676675, 0.009233989752696214, 64.3, 0.0, -1.0, 64.2, 0.05, 64.2, 16.4, 0.05, -1.0]"
6,0.9330224692821503,0.993697464466095,0.8723474740982056,0,0.06851150425044494,0.18447502156869514,57,"[57.068511504250445, 0.18447502156869514]"
6,0.9294059574604034,0.988095243771871,0.8707166711489359,0,0.08676920598314553,0.09305156217245121,34,"[34.086769205983146, 0.09305156217245121]"
6,0.9138302405675252,0.9719887773195902,0.8556717038154602,0,0.22977945964193225,0.008213111634355242,66,"[66.22977945964193, 0.008213111634355242]"
6,0.916562557220459,0.9775910377502441,0.8555340766906738,0,0.22977945964193225,0.008213111634355242,66,"[66.22977945964193, 0.008213111634355242]"
6,0.9082099795341492,0.9544818003972372,0.8619381586710612,15,0.1467445449810043,0.05077853004363838,38,"[38.146744544981004, 0.05077853004363838, 0.0, -1.3141025419398178, 0.0, -1.164084433310475, -1.0, -1.0, 30.4, 0.05, 30.4, 0.0, 16.4, 16.4, 0.05, -0.399381722064983, -1.0]"
6,0.913456529378891,0.9558823307355245,0.8710307280222574,0,0.1467445449810043,0.09454934591124341,38,"[38.146744544981004, 0.09454934591124341]"
6,0.8233701586723328,0.8606442411740621,0.7860960761706034,18,0.28247289562375144,0.0033553126567035943,21,"[21.28247289562375, 0.0033553126567035943, 16.3, -0.4895133801066897, -1.0, 98.1, 0.3001858767008511, -1.0, 51.4, 0.11444527948113199, 51.4, 0.035213387415026956, 51.4, 51.4, 0.2, 58.744554140432115, 30.4, 0.05, 16.4, 16.4]"
6,0.8946821093559265,0.9222689072291056,0.8670953114827474,3,0.28247289562375144,0.004403689048563372,21,"[21.28247289562375, 0.004403689048563372, 16.3, 0.045867693683036226, -1.0]"
6,0.9278247853120167,0.988095223903656,0.8675543467203776,0,0.09851389353348594,0.0407694499182687,52,"[52.098513893533486, 0.0407694499182687]"
6,0.894910881916682,0.9271708726882935,0.8626508911450704,12,0.25,0.02192953921636165,32,"[32.25, 0.02192953921636165, 64.3, 0.0, -1.0, 64.2, 0.057036500535300794, 64.2, 0.05, -1.0, -1.0, 16.4, 0.05, -1.0]"
6,0.9264312187830608,0.982492983341217,0.8703694542249044,0,0.08776000302545484,0.05696688120273793,22,"[22.087760003025455, 0.05696688120273793]"
6,0.9238912463188171,0.9803921381632487,0.8673903544743856,0,0.08460076488875146,0.05696688120273793,6,"[6.0846007648887515, 0.05696688120273793]"
6,0.8938751916090648,1.0,0.7877503832181295,0,0.09851389353348594,0.0019679647684143348,52,"[52.098513893533486, 0.0019679647684143348]"
6,0.8913285831610362,0.900560220082601,0.8820969462394714,3,0.36104502575038566,0.007358944136047787,81,"[81.36104502575039, 0.007358944136047787, 63.2, 0.1, -1.0]"
6,0.90024134516716,0.9600840210914612,0.8403986692428589,6,0.1467445449810043,0.17016509253223078,38,"[38.146744544981004, 0.17016509253223078, 0.0, -0.22120513295627714, 0.05, 0.2, -1.0, -1.0]"
6,0.9015278716882069,0.9327730933825175,0.8702826499938965,0,0.22167408504889963,0.04818979103542273,22,"[22.2216740850489, 0.04818979103542273]"
6,0.8675433397293091,0.9663865566253662,0.768700122833252,18,0.18994579124750466,0.0007895250593667474,10,"[10.189945791247505, 0.0007895250593667474, 0.3, 0.0, 0.3, 0.0, 64.3, 64.3, 0.3, -0.4895133801066897, -1.0, 93.2, 0.3001858767008511, -1.0, 51.4, 0.035213387415026956, 51.4, 0.1, 33.807119332024044, 30.4]"
6,0.8851588666439056,0.8935574293136597,0.8767603039741516,9,0.375,0.0034352666490510696,32,"[32.375, 0.0034352666490510696, 64.2, 0.05, 64.2, 0.0, -0.355118107831886, -1.0, 16.3, 0.07526261325434863, -1.0]"
6,0.9073460201422374,0.9439775943756104,0.8707144459088644,0,0.17425694676674652,0.03773953926362688,42,"[42.17425694676675, 0.03773953926362688]"
6,0.9035720825195312,0.9446778694788615,0.862466295560201,6,0.17425694676674652,0.08728519869118943,42,"[42.17425694676675, 0.08728519869118943, 0.05, -1.0, -1.0, 16.1, 0.001065486973364349, -1.0]"
7,0.8913756410280864,0.8991596698760986,0.8835916121800741,3,0.36104502575038566,0.007358944136047787,81,"[81.36104502575039, 0.007358944136047787, 63.2, 0.1, -1.0]"
7,0.9099724491437275,0.9439775943756104,0.8759673039118449,9,0.20572908693655734,0.03941270086810754,54,"[54.20572908693656, 0.03941270086810754, 0.0, -1.164084433310475, -1.0, 30.4, 0.05, 16.4, 0.05, -0.399381722064983, -1.0]"
7,0.9342530965805054,1.0,0.8685061931610107,0,0.05002276836169628,0.02827689909036758,25,"[25.050022768361696, 0.02827689909036758]"
7,0.9330224692821503,0.993697464466095,0.8723474740982056,0,0.06851150425044494,0.18447502156869514,57,"[57.068511504250445, 0.18447502156869514]"
7,0.8913285831610362,0.900560220082601,0.8820969462394714,3,0.36104502575038566,0.007358944136047787,81,"[81.36104502575039, 0.007358944136047787, 63.2, 0.1, -1.0]"
7,0.9292161862055461,1.0,0.8584323724110922,0,0.09851389353348594,0.009067279132662698,52,"[52.098513893533486, 0.009067279132662698]"
7,0.88296311100324,0.8872549136479696,0.8786713083585104,6,0.375,0.004517170068959827,32,"[32.375, 0.004517170068959827, 64.2, 0.05, -1.0, 16.3, 0.045867693683036226, -1.0]"
7,0.8977521161238352,0.9222689072291056,0.8732353250185648,12,0.25,0.01,32,"[32.25, 0.01, 64.3, 0.0, -1.0, 64.2, 0.05, 64.2, 0.05, -1.0, -1.0, 16.4, 0.05, -1.0]"
7,0.9297571976979574,0.9894957741101583,0.8700186212857565,0,0.08577840894083266,0.048846149497841926,46,"[46.08577840894083, 0.048846149497841926]"
7,0.9266026119391123,0.9810924331347147,0.8721127907435099,0,0.08776000302545484,0.05696688120273793,22,"[22.087760003025455, 0.05696688120273793]"
7,0.8814348777135214,0.888655443986257,0.8742143114407858,6,0.36104502575038566,0.007358944136047787,81,"[81.36104502575039, 0.007358944136047787, 63.2, 0.1, 63.2, 0.1, -0.8343561299068646, -1.0]"
7,0.9094501733779907,0.941876749197642,0.8770235975583395,6,0.20572908693655734,0.056578964823875214,54,"[54.20572908693656, 0.056578964823875214, 0.0, -1.164084433310475, -1.0, 30.4, 0.05, 16.4]"
7,0.934924711783727,0.9992997248967489,0.8705496986707052,0,0.05002276836169628,0.05261731309822705,25,"[25.050022768361696, 0.05261731309822705]"
7,0.9289679129918416,1.0,0.8579358259836832,0,0.06851150425044494,0.005505177777856396,57,"[57.068511504250445, 0.005505177777856396]"
7,0.913545548915863,0.964985986550649,0.862105111281077,0,0.20163540070834074,0.008213111634355242,66,"[66.20163540070834, 0.008213111634355242]"
7,0.8989371458689372,0.9488795399665833,0.8489947517712911,0,0.22977945964193225,0.008213111634355242,66,"[66.22977945964193, 0.008213111634355242]"
7,0.8808284103870392,0.8928571343421936,0.8687996864318848,6,0.375,0.004517170068959827,32,"[32.375, 0.004517170068959827, 64.3, 0.05, -1.0, 16.3, 0.045867693683036226, -1.0]"
7,0.8945438464482625,0.9208683371543884,0.8682193557421366,12,0.25,0.01,32,"[32.25, 0.01, 49.2, 0.05, 64.2, 0.05, -0.8849004042495976, 0.05, 0.0, -1.0, -1.0, 36.4, 0.05, -1.0]"
7,0.9299017190933228,0.9887955188751221,0.8710079193115234,0,0.08676920598314553,0.05290651535028992,34,"[34.086769205983146, 0.05290651535028992]"
7,0.9293467104434967,0.9887954990069071,0.8698979218800863,0,0.08676920598314553,0.03189746318076762,34,"[34.086769205983146, 0.03189746318076762]"
7,0.8944312930107117,0.9166666666666666,0.8721959193547567,6,0.2833870563434715,0.017359270562385013,67,"[67.28338705634347, 0.017359270562385013, 0.0, -1.164084433310475, 0.0, -1.164084433310475, -1.4485516389991664, -1.0]"
7,0.885787049929301,0.906862735748291,0.8647113641103109,12,0.2833870563434715,0.03341424346087622,67,"[67.28338705634347, 0.03341424346087622, 50.4, 0.05, 30.4, 0.05, 16.4, 16.4, 0.05, -0.399381722064983, 0.05, -0.399381722064983, -1.0, -1.0]"
7,0.9311058819293976,0.9908963441848755,0.8713154196739197,0,0.059267136306068835,0.10637596032953135,41,"[41.05926713630607, 0.10637596032953135]"
7,0.9331346452236176,0.9957983096440634,0.8704709808031718,0,0.059267136306068835,0.10053219334705103,41,"[41.05926713630607, 0.10053219334705103]"
7,0.8930965761343639,0.924369752407074,0.8618233998616537,6,0.23279191226905738,0.008213111634355242,19,"[19.232791912269057, 0.008213111634355242, 63.2, 0.1, 63.2, 0.1, -1.0, -1.0]"
7,0.9049814740816753,0.9684873819351196,0.8414755662282308,0,0.22977945964193225,0.008213111634355242,66,"[66.22977945964193, 0.008213111634355242]"
7,0.8627281983693441,0.8984593947728475,0.8269970019658407,3,0.36180051637891,0.007258585034479913,25,"[25.36180051637891, 0.007258585034479913, 0.2, 0.0, -1.0]"
7,0.9080691039562225,0.9397759040196737,0.8763623038927714,18,0.19483572073899325,0.004671672091221774,93,"[93.194835720739, 0.004671672091221774, 126.3, 0.05, 64.3, 0.05, -1.0, -1.0, 16.3, 0.05, 64.2, 0.05, -1.2824009309570785, 0.05, -1.0, -1.0, -1.0, 5.4, 0.010616390006996036, -1.0]"
7,0.9338783224423727,0.9957983096440634,0.871958335240682,0,0.05953022864858326,0.06195963690571954,42,"[42.05953022864858, 0.06195963690571954]"
7,0.9228062431017559,0.9733893473943075,0.8722231388092041,0,0.11197288557156782,0.05696688120273793,47,"[47.11197288557157, 0.05696688120273793]"
7,0.8860216935475668,0.901260515054067,0.8707828720410665,3,0.36104502575038566,0.0017997670571831346,81,"[81.36104502575039, 0.0017997670571831346, 63.2, 0.1, -1.0]"
7,0.9091919759909312,0.941876749197642,0.8765072027842203,9,0.20572908693655734,0.03941270086810754,54,"[54.20572908693656, 0.03941270086810754, 0.0, -1.164084433310475, -1.0, 30.4, 0.05, 16.4, 0.0, -0.32723471581083, -1.0]"
7,0.93201544880867,0.9922969142595927,0.8717339833577474,0,0.059267136306068835,0.10637596032953135,41,"[41.05926713630607, 0.10637596032953135]"
7,0.9318554699420929,0.9922969142595927,0.8714140256245931,0,0.059267136306068835,0.10637596032953135,41,"[41.05926713630607, 0.10637596032953135]"
7,0.8962172766526539,0.9166666666666666,0.8757678866386414,3,0.2772864453916526,0.00936005057458929,30,"[30.277286445391653, 0.00936005057458929, 63.2, 0.1, -1.0]"
7,0.9126411577065786,0.9950980146725973,0.8301843007405599,0,0.22977945964193225,0.0032438941651409888,66,"[66.22977945964193, 0.0032438941651409888]"
7,0.8877984881401062,0.894957979520162,0.8806389967600504,6,0.375,0.004517170068959827,32,"[32.375, 0.004517170068959827, 129.2, 0.05, -1.0, 16.3, 0.045867693683036226, -1.0]"
7,0.8974615335464478,0.924369732538859,0.8705533345540365,12,0.2543247990747801,0.01,49,"[49.25432479907478, 0.01, 64.3, 0.0, -1.0, 64.2, 0.05, 64.2, 0.05, -1.0, -1.0, 16.4, 0.05, -1.0]"
7,0.927431990702947,0.9852941234906515,0.8695698579152426,0,0.08676920598314553,0.05290651535028992,34,"[34.086769205983146, 0.05290651535028992]"
7,0.9275838832060497,0.9838935335477194,0.8712742328643799,0,0.08676920598314553,0.05290651535028992,34,"[34.086769205983146, 0.05290651535028992]"
7,0.8825291097164154,0.9222689072291056,0.8427893122037252,0,0.36104502575038566,0.007358944136047787,81,"[81.36104502575039, 0.007358944136047787]"
7,0.9071742494901021,0.9453781644503275,0.8689703345298767,9,0.20572908693655734,0.03941270086810754,54,"[54.20572908693656, 0.03941270086810754, 30.4, 0.05, 16.4, 0.05, -0.16471848418135077, 0.05, 0.1, -1.0, -1.0]"
7,0.9345392286777496,0.9978991548220316,0.8711793025334676,0,0.05467376480008568,0.10637596032953135,95,"[95.05467376480009, 0.10637596032953135]"
7,0.9324748118718464,0.993697464466095,0.871252159277598,0,0.059267136306068835,0.10637596032953135,41,"[41.05926713630607, 0.10637596032953135]"
7,0.9156997402509053,0.9495798349380493,0.8818196455637614,3,0.20871846092532564,0.007164516453928968,135,"[135.20871846092533, 0.007164516453928968, 63.2, 0.062178097211025435, -1.0]"
7,0.9045121669769287,0.9579831957817078,0.8510411381721497,0,0.22977945964193225,0.004783245991653693,66,"[66.22977945964193, 0.004783245991653693]"
7,0.8402854204177856,0.7983193397521973,0.882251501083374,3,0.6053328921672261,0.01206380012804723,70,"[70.60533289216723, 0.01206380012804723, 64.2, 0.05, -1.0]"
7,0.8847991327444713,0.9089635809262594,0.8606346845626831,12,0.3125,0.008083224840831328,32,"[32.3125, 0.008083224840831328, 64.2, 0.05, 64.2, 0.05, -0.48305551372050726, -1.0, 16.3, 0.05, 64.2, 16.4, 0.05, -1.0]"
7,0.9271348416805267,0.9831932783126831,0.8710764050483704,0,0.08577840894083266,0.048846149497841926,46,"[46.08577840894083, 0.048846149497841926]"
7,0.9301676452159882,1.0,0.8603352904319763,0,0.08776000302545484,0.010623610619936672,22,"[22.087760003025455, 0.010623610619936672]"
8,0.8913756410280864,0.8991596698760986,0.8835916121800741,3,0.36104502575038566,0.007358944136047787,81,"[81.36104502575039, 0.007358944136047787, 63.2, 0.1, -1.0]"
8,0.9342530965805054,1.0,0.8685061931610107,0,0.05002276836169628,0.02827689909036758,25,"[25.050022768361696, 0.02827689909036758]"
8,0.9330224692821503,0.993697464466095,0.8723474740982056,0,0.06851150425044494,0.18447502156869514,57,"[57.068511504250445, 0.18447502156869514]"
8,0.8913285831610362,0.900560220082601,0.8820969462394714,3,0.36104502575038566,0.007358944136047787,81,"[81.36104502575039, 0.007358944136047787, 63.2, 0.1, -1.0]"
8,0.934924711783727,0.9992997248967489,0.8705496986707052,0,0.05002276836169628,0.05261731309822705,25,"[25.050022768361696, 0.05261731309822705]"
8,0.9338783224423727,0.9957983096440634,0.871958335240682,0,0.05953022864858326,0.06195963690571954,42,"[42.05953022864858, 0.06195963690571954]"
8,0.9345392286777496,0.9978991548220316,0.8711793025334676,0,0.05467376480008568,0.10637596032953135,95,"[95.05467376480009, 0.10637596032953135]"
8,0.9156997402509053,0.9495798349380493,0.8818196455637614,3,0.20871846092532564,0.007164516453928968,135,"[135.20871846092533, 0.007164516453928968, 63.2, 0.062178097211025435, -1.0]"
8,0.8402854204177856,0.7983193397521973,0.882251501083374,3,0.6053328921672261,0.01206380012804723,70,"[70.60533289216723, 0.01206380012804723, 64.2, 0.05, -1.0]"
8,0.9301676452159882,1.0,0.8603352904319763,0,0.08776000302545484,0.010623610619936672,22,"[22.087760003025455, 0.010623610619936672]"
8,0.8877194325129192,0.8928571343421936,0.8825817306836446,3,0.36104502575038566,0.008556184333458764,81,"[81.36104502575039, 0.008556184333458764, 63.2, 0.1, -1.0]"
8,0.933944175640742,0.9978991548220316,0.8699891964594523,0,0.05002276836169628,0.05541937139289269,25,"[25.050022768361696, 0.05541937139289269]"
8,0.9284651080767313,0.9866946736971537,0.870235542456309,0,0.06851150425044494,0.18447502156869514,57,"[57.068511504250445, 0.18447502156869514]"
8,0.8899423778057098,0.9019607901573181,0.8779239654541016,3,0.36104502575038566,0.007358944136047787,81,"[81.36104502575039, 0.007358944136047787, 63.2, 0.14249003501883234, -1.0]"
8,0.9326428969701132,0.9929971893628439,0.8722886045773824,0,0.06061956147755865,0.10376907455087203,45,"[45.06061956147756, 0.10376907455087203]"
8,0.9344130953152974,1.0,0.8688261906305949,0,0.06110034039718926,0.030990252965030836,72,"[72.06110034039719, 0.030990252965030836]"
8,0.9373524983723958,1.0,0.8747049967447916,0,0.03990970227853552,0.12890863496594338,101,"[101.03990970227854, 0.12890863496594338]"
8,0.912492573261261,0.9502801100413004,0.8747050364812216,3,0.20871846092532564,0.003326678834727153,135,"[135.20871846092533, 0.003326678834727153, 63.2, 0.062178097211025435, -1.0]"
8,0.8825559814771017,0.8900560339291891,0.8750559290250143,3,0.3465464475963387,0.015204103577172974,46,"[46.34654644759634, 0.015204103577172974, 64.2, 0.05, -1.0]"
8,0.773737798134486,0.9159663915634155,0.6315092047055563,0,0.28711242246657775,0.0009291114559130663,131,"[131.28711242246658, 0.0009291114559130663]"
8,0.8877135415871938,0.9313725431760153,0.8440545399983724,0,0.36104502575038566,0.007358944136047787,81,"[81.36104502575039, 0.007358944136047787]"
8,0.934432586034139,0.9992997248967489,0.8695654471715292,0,0.05002276836169628,0.03545641466965882,25,"[25.050022768361696, 0.03545641466965882]"
8,0.9015186727046967,0.9516806602478027,0.8513566851615906,0,0.2352604525556501,0.01029580659741114,92,"[92.23526045255565, 0.01029580659741114]"
8,0.8980341951052349,0.9425770243008932,0.8534913659095764,6,0.17182493618776107,0.09591698285237146,23,"[23.17182493618776, 0.09591698285237146, 63.2, 0.03199551704752808, 63.2, 0.1, -2.3725813826841593, -1.0]"
8,0.9336410959561665,0.9950980345408121,0.872184157371521,0,0.06474177497943856,0.06956748500429413,40,"[40.06474177497944, 0.06956748500429413]"
8,0.9347430169582367,0.9978991548220316,0.8715868790944418,0,0.054776498505141547,0.08388634869164659,33,"[33.05477649850514, 0.08388634869164659]"
8,0.913406898578008,0.9593837459882101,0.867430051167806,0,0.13169611286269856,0.06915094494864896,115,"[115.1316961128627, 0.06915094494864896]"
8,0.92583833138148,0.9663865566253662,0.8852901061375936,3,0.13169611286269856,0.018944337422511916,115,"[115.1316961128627, 0.018944337422511916, 63.2, 0.062178097211025435, -1.0]"
8,0.8880629340807598,0.9096638560295105,0.8664620121320089,3,0.3465464475963387,0.005269265984796436,46,"[46.34654644759634, 0.005269265984796436, 11.2, 0.08144170652671126, -1.0]"
8,0.8826637069384257,0.9061624805132548,0.8591649333635966,0,0.3465464475963387,0.011343705373991951,46,"[46.34654644759634, 0.011343705373991951]"
8,0.9107841650644939,0.9411764740943909,0.8803918560345968,3,0.20553389705604275,0.008934982703277815,53,"[53.20553389705604, 0.008934982703277815, 63.2, 0.1, -1.0]"
8,0.8909883797168732,0.9264705777168274,0.855506181716919,0,0.20553389705604275,0.010538586526240587,53,"[53.20553389705604, 0.010538586526240587]"
8,0.9297325511773427,0.9859943985939026,0.8734707037607828,0,0.07935168547619753,0.18447502156869514,70,"[70.0793516854762, 0.18447502156869514]"
8,0.883462558190028,0.9292716979980469,0.8376534183820089,0,0.36104502575038566,0.007358944136047787,81,"[81.36104502575039, 0.007358944136047787]"
8,0.9342942833900452,0.9992997248967489,0.8692888418833414,0,0.05002276836169628,0.05261731309822705,25,"[25.050022768361696, 0.05261731309822705]"
8,0.9354922076066335,0.9992997248967489,0.8716846903165182,0,0.05953022864858326,0.06195963690571954,42,"[42.05953022864858, 0.06195963690571954]"
8,0.934358686208725,1.0,0.86871737241745,0,0.02978740180094519,0.10637596032953135,177,"[177.02978740180095, 0.10637596032953135]"
8,0.9244892795880636,0.9992997248967489,0.8496788342793783,0,0.20871846092532564,0.007164516453928968,135,"[135.20871846092533, 0.007164516453928968]"
8,0.8825313150882721,0.894957979520162,0.8701046506563822,0,0.3785059879286079,0.011343705373991951,1,"[1.378505987928608, 0.011343705373991951]"
8,0.8855523765087128,0.906862755616506,0.8642419974009196,0,0.3465464475963387,0.011343705373991951,46,"[46.34654644759634, 0.011343705373991951]"
8,0.8984439074993134,0.9292716979980469,0.8676161170005798,0,0.20553389705604275,0.026264917518969248,53,"[53.20553389705604, 0.026264917518969248]"
8,0.8982802828152974,0.9313725630442301,0.8651880025863647,0,0.20553389705604275,0.017817921613207683,53,"[53.20553389705604, 0.017817921613207683]"
8,0.906369149684906,0.9383753538131714,0.8743629455566406,0,0.21477826500041886,0.09591698285237146,69,"[69.21477826500042, 0.09591698285237146]"
8,0.902981052796046,0.9327731132507324,0.8731889923413595,0,0.21477826500041886,0.09591698285237146,69,"[69.21477826500042, 0.09591698285237146]"
8,0.933927595615387,0.9950980345408121,0.8727571566899618,0,0.054776498505141547,0.057288475001973295,33,"[33.05477649850514, 0.057288475001973295]"
8,0.9346654117107391,0.9992997248967489,0.8700310985247294,0,0.054776498505141547,0.057288475001973295,33,"[33.05477649850514, 0.057288475001973295]"
8,0.9259685377279918,1.0,0.8519370754559835,0,0.13169611286269856,0.006786766480132954,115,"[115.1316961128627, 0.006786766480132954]"
8,0.9133451481660207,0.9628851612408956,0.8638051350911459,3,0.13169611286269856,0.05677023839173016,115,"[115.1316961128627, 0.05677023839173016, 11.2, 0.08842442399705802, -1.0]"
8,0.8862048486868541,0.894957979520162,0.8774517178535461,3,0.3465464475963387,0.018751718190574803,46,"[46.34654644759634, 0.018751718190574803, 64.2, 0.05, -1.0]"
8,0.8898927172025045,0.9208683570226034,0.8589170773824056,0,0.3465464475963387,0.011343705373991951,46,"[46.34654644759634, 0.011343705373991951]"
9,0.9373524983723958,1.0,0.8747049967447916,0,0.03990970227853552,0.12890863496594338,101,"[101.03990970227854, 0.12890863496594338]"
9,0.92583833138148,0.9663865566253662,0.8852901061375936,3,0.13169611286269856,0.018944337422511916,115,"[115.1316961128627, 0.018944337422511916, 63.2, 0.062178097211025435, -1.0]"
9,0.9344130953152974,1.0,0.8688261906305949,0,0.06110034039718926,0.030990252965030836,72,"[72.06110034039719, 0.030990252965030836]"
9,0.8913756410280864,0.8991596698760986,0.8835916121800741,3,0.36104502575038566,0.007358944136047787,81,"[81.36104502575039, 0.007358944136047787, 63.2, 0.1, -1.0]"
9,0.9156997402509053,0.9495798349380493,0.8818196455637614,3,0.20871846092532564,0.007164516453928968,135,"[135.20871846092533, 0.007164516453928968, 63.2, 0.062178097211025435, -1.0]"
9,0.912492573261261,0.9502801100413004,0.8747050364812216,3,0.20871846092532564,0.003326678834727153,135,"[135.20871846092533, 0.003326678834727153, 63.2, 0.062178097211025435, -1.0]"
9,0.8913285831610362,0.900560220082601,0.8820969462394714,3,0.36104502575038566,0.007358944136047787,81,"[81.36104502575039, 0.007358944136047787, 63.2, 0.1, -1.0]"
9,0.9297325511773427,0.9859943985939026,0.8734707037607828,0,0.07935168547619753,0.18447502156869514,70,"[70.0793516854762, 0.18447502156869514]"
9,0.9354922076066335,0.9992997248967489,0.8716846903165182,0,0.05953022864858326,0.06195963690571954,42,"[42.05953022864858, 0.06195963690571954]"
9,0.933927595615387,0.9950980345408121,0.8727571566899618,0,0.054776498505141547,0.057288475001973295,33,"[33.05477649850514, 0.057288475001973295]"
9,0.9375551740328472,1.0,0.8751103480656942,0,0.03990970227853552,0.1605361197861832,101,"[101.03990970227854, 0.1605361197861832]"
9,0.9221225182215373,0.9621848662694296,0.882060170173645,3,0.13169611286269856,0.03507001416152022,115,"[115.1316961128627, 0.03507001416152022, 63.2, 0.062178097211025435, -1.0]"
9,0.8960521717866261,0.9285714030265808,0.8635329405466715,0,0.21107268307378035,0.01917459855053931,76,"[76.21107268307378, 0.01917459855053931]"
9,0.9097278515497844,0.9369747837384542,0.8824809193611145,3,0.21107268307378035,0.01917459855053931,76,"[76.21107268307378, 0.01917459855053931, 63.2, 0.1, -1.0]"
9,0.9043830732504528,0.9320728182792664,0.876693328221639,6,0.20871846092532564,0.005245597644328061,135,"[135.20871846092533, 0.005245597644328061, 63.2, 0.062178097211025435, 63.2, 0.062178097211025435, -1.0, -1.0]"
9,0.897034188111623,0.9215686122576395,0.8724997639656067,3,0.25830087801853097,0.005245597644328061,295,"[295.25830087801853, 0.005245597644328061, 63.2, 0.16793144368479493, -1.0]"
9,0.9031866391499836,0.9355742335319519,0.8707990447680155,3,0.2201983556132916,0.09591698285237146,75,"[75.22019835561329, 0.09591698285237146, 63.2, 0.11644449300945148, -1.0]"
9,0.9026338458061218,0.9320728182792664,0.8731948733329773,0,0.2201983556132916,0.09977457696876227,75,"[75.22019835561329, 0.09977457696876227]"
9,0.9359125991662343,0.9985994497934977,0.873225748538971,0,0.05715336357685885,0.059624055953846414,37,"[37.05715336357686, 0.059624055953846414]"
9,0.9344377319018047,0.9985994299252828,0.8702760338783264,0,0.05715336357685885,0.059624055953846414,37,"[37.05715336357686, 0.059624055953846414]"
9,0.9310440917809804,0.9922969142595927,0.8697912693023682,0,0.08580290757060993,0.07392648619422765,108,"[108.08580290757061, 0.07392648619422765]"
9,0.9227738777796428,0.9768907427787781,0.8686570127805074,6,0.10702284905497095,0.07392648619422765,184,"[184.10702284905497, 0.07392648619422765, 36.2, 0.062178097211025435, 63.2, 0.1, -1.0, -1.0]"
9,0.9134164849917095,0.9656862815221151,0.8611466884613037,0,0.21107268307378035,0.011599357778365647,76,"[76.21107268307378, 0.011599357778365647]"
9,0.901339570681254,0.936274508635203,0.8664046327273051,6,0.21107268307378035,0.02700179408325398,76,"[76.21107268307378, 0.02700179408325398, 63.2, 0.1, 63.2, 0.4, -1.0, -1.0]"
9,0.9172514577706654,0.9978991746902466,0.8366037408510844,0,0.20871846092532564,0.01218875688638176,135,"[135.20871846092533, 0.01218875688638176]"
9,0.90066393216451,0.91876749197642,0.8825603723526001,3,0.29151675562192736,0.005245597644328061,240,"[240.29151675562193, 0.005245597644328061, 63.2, 0.062178097211025435, -1.0]"
9,0.8899169961611431,0.901260495185852,0.878573497136434,3,0.36104502575038566,0.007358944136047787,81,"[81.36104502575039, 0.007358944136047787, 63.2, 0.2648796768813339, -1.0]"
9,0.9280881683031718,0.9894957939783732,0.8666805426279703,0,0.04477559747531501,0.18447502156869514,19,"[19.044775597475315, 0.18447502156869514]"
9,0.9322077929973602,0.9922968943913778,0.8721186916033427,0,0.05715336357685885,0.059624055953846414,37,"[37.05715336357686, 0.059624055953846414]"
9,0.934337705373764,0.9978991548220316,0.8707762559254965,0,0.05715336357685885,0.059624055953846414,37,"[37.05715336357686, 0.059624055953846414]"
9,0.9338360230127971,1.0,0.8676720460255941,0,0.03990970227853552,0.04406896477077462,101,"[101.03990970227854, 0.04406896477077462]"
9,0.9200603266557057,0.9649860064188639,0.8751346468925476,3,0.13169611286269856,0.02222556024016821,115,"[115.1316961128627, 0.02222556024016821, 25.2, 0.062178097211025435, -1.0]"
9,0.9266246855258942,1.0,0.8532493710517883,0,0.04623124512058041,0.002208187836659388,24,"[24.04623124512058, 0.002208187836659388]"
9,0.8954773048559824,0.9082633058230082,0.8826913038889567,3,0.36104502575038566,0.007358944136047787,81,"[81.36104502575039, 0.007358944136047787, 63.2, 0.14356754364751753, -1.0]"
9,0.9143547316392263,0.9572829206784567,0.871426542599996,3,0.15215062044626393,0.007164516453928968,185,"[185.15215062044626, 0.007164516453928968, 24.2, 0.062178097211025435, -1.0]"
9,0.899326999982198,0.9299719929695129,0.8686820069948832,3,0.20871846092532564,0.003326678834727153,135,"[135.20871846092533, 0.003326678834727153, 63.1, 0.062178097211025435, -1.0]"
9,0.9033271471659343,0.9341736634572347,0.8724806308746338,3,0.2201983556132916,0.13896289837436454,75,"[75.22019835561329, 0.13896289837436454, 63.2, 0.1, -1.0]"
9,0.9024852414925892,0.9327730933825175,0.8721973896026611,0,0.2201983556132916,0.09591698285237146,75,"[75.22019835561329, 0.09591698285237146]"
9,0.9319396714369456,0.9929972092310587,0.8708821336428324,0,0.05953022864858326,0.06195963690571954,42,"[42.05953022864858, 0.06195963690571954]"
9,0.9352402488390605,0.9985994299252828,0.8718810677528381,0,0.054776498505141547,0.057288475001973295,33,"[33.05477649850514, 0.057288475001973295]"
9,0.9353995422522228,0.9992997248967489,0.8714993596076965,0,0.036170451033626705,0.21898452267046703,188,"[188.03617045103363, 0.21898452267046703]"
9,0.9220301906267803,0.9628851413726807,0.8811752398808798,6,0.13169611286269856,0.010930133667821623,115,"[115.1316961128627, 0.010930133667821623, 63.1, 0.062178097211025435, 63.2, 0.1, -0.5703488648193886, -1.0]"
9,0.8985024094581604,0.9299719929695129,0.8670328259468079,0,0.21107268307378035,0.031075731039777798,76,"[76.21107268307378, 0.031075731039777798]"
9,0.9046703279018402,0.9341736634572347,0.8751669923464457,6,0.21107268307378035,0.03046795310693324,76,"[76.21107268307378, 0.03046795310693324, 63.2, 0.1, 63.2, 0.1, -1.0, -1.0]"
9,0.9048472146193186,0.930672268072764,0.8790221611658732,6,0.20871846092532564,0.007164516453928968,135,"[135.20871846092533, 0.007164516453928968, 63.2, 0.062178097211025435, 63.2, 0.062178097211025435, -1.0, -1.0]"
9,0.83562837044398,1.0,0.6712567408879598,0,0.20871846092532564,0.003326678834727153,135,"[135.20871846092533, 0.003326678834727153]"
9,0.9063283304373424,0.9348739385604858,0.8777827223141988,3,0.2201983556132916,0.03197394075466593,75,"[75.22019835561329, 0.03197394075466593, 63.2, 0.18730875725807622, -1.0]"
9,0.9034558633963268,0.9348739385604858,0.8720377882321676,0,0.20528270338792254,0.22938457627013562,111,"[111.20528270338792, 0.22938457627013562]"
9,0.9333402216434479,1.0,0.8666804432868958,0,0.05715336357685885,0.028429352163186518,37,"[37.05715336357686, 0.028429352163186518]"
9,0.9350302616755168,0.9992997248967489,0.8707607984542847,0,0.05715336357685885,0.059624055953846414,37,"[37.05715336357686, 0.059624055953846414]"
10,0.92583833138148,0.9663865566253662,0.8852901061375936,3,0.13169611286269856,0.018944337422511916,115,"[115.1316961128627, 0.018944337422511916, 63.2, 0.062178097211025435, -1.0]"
10,0.9375551740328472,1.0,0.8751103480656942,0,0.03990970227853552,0.1605361197861832,101,"[101.03990970227854, 0.1605361197861832]"
10,0.8913756410280864,0.8991596698760986,0.8835916121800741,3,0.36104502575038566,0.007358944136047787,81,"[81.36104502575039, 0.007358944136047787, 63.2, 0.1, -1.0]"
10,0.9373524983723958,1.0,0.8747049967447916,0,0.03990970227853552,0.12890863496594338,101,"[101.03990970227854, 0.12890863496594338]"
10,0.9200603266557057,0.9649860064188639,0.8751346468925476,3,0.13169611286269856,0.02222556024016821,115,"[115.1316961128627, 0.02222556024016821, 25.2, 0.062178097211025435, -1.0]"
10,0.9220301906267803,0.9628851413726807,0.8811752398808798,6,0.13169611286269856,0.010930133667821623,115,"[115.1316961128627, 0.010930133667821623, 63.1, 0.062178097211025435, 63.2, 0.1, -0.5703488648193886, -1.0]"
10,0.9097278515497844,0.9369747837384542,0.8824809193611145,3,0.21107268307378035,0.01917459855053931,76,"[76.21107268307378, 0.01917459855053931, 63.2, 0.1, -1.0]"
10,0.9221225182215373,0.9621848662694296,0.882060170173645,3,0.13169611286269856,0.03507001416152022,115,"[115.1316961128627, 0.03507001416152022, 63.2, 0.062178097211025435, -1.0]"
10,0.8954773048559824,0.9082633058230082,0.8826913038889567,3,0.36104502575038566,0.007358944136047787,81,"[81.36104502575039, 0.007358944136047787, 63.2, 0.14356754364751753, -1.0]"
10,0.90066393216451,0.91876749197642,0.8825603723526001,3,0.29151675562192736,0.005245597644328061,240,"[240.29151675562193, 0.005245597644328061, 63.2, 0.062178097211025435, -1.0]"
10,0.9206980764865875,0.9747899174690247,0.8666062355041504,3,0.08580290757060993,0.15263382787767577,108,"[108.08580290757061, 0.15263382787767577, 67.2, 0.062178097211025435, -1.0]"
10,0.9272377789020538,0.9817927082379659,0.8726828495661417,0,0.08580290757060993,0.08974022860434756,108,"[108.08580290757061, 0.08974022860434756]"
10,0.9043687184651692,0.9411764542261759,0.8675609827041626,3,0.2004773640144606,0.1222149643390214,91,"[91.20047736401446, 0.1222149643390214, 63.2, 0.1, -1.0]"
10,0.8992343445618948,0.9320728381474813,0.8663958509763082,0,0.2004773640144606,0.06813378955099558,91,"[91.20047736401446, 0.06813378955099558]"
10,0.9207484424114227,0.9621848662694296,0.8793120185534159,3,0.13169611286269856,0.03824224990462368,115,"[115.1316961128627, 0.03824224990462368, 25.2, 0.062178097211025435, -1.0]"
10,0.9156655271848043,0.9544818003972372,0.8768492539723715,6,0.13169611286269856,0.006778429747072907,115,"[115.1316961128627, 0.006778429747072907, 63.1, 0.062178097211025435, 63.2, 0.1, -0.30538387810196216, -1.0]"
10,0.9006974001725514,0.9383753538131714,0.8630194465319315,3,0.1974696226640944,0.01917459855053931,16,"[16.197469622664094, 0.01917459855053931, 63.2, 0.1, -1.0]"
10,0.9230717817942302,0.9635854363441467,0.8825581272443136,3,0.13169611286269856,0.03507001416152022,115,"[115.1316961128627, 0.03507001416152022, 63.2, 0.062178097211025435, -1.0]"
10,0.8839701215426127,0.9026610652605692,0.8652791778246561,3,0.3262808906861494,0.005783856332204307,160,"[160.32628089068615, 0.005783856332204307, 63.3, 0.2751795284569427, -1.0]"
10,0.8948461711406708,0.9061624606450399,0.8835298816363016,3,0.3262808906861494,0.006302270890187924,160,"[160.32628089068615, 0.006302270890187924, 63.2, 0.07781485549597524, -1.0]"
10,0.9228628973166149,0.9712885220845541,0.8744372725486755,6,0.0865141788419379,0.08974022860434756,120,"[120.08651417884194, 0.08974022860434756, 63.2, 0.062178097211025435, 63.2, 0.1, -1.0, -1.0]"
10,0.9305218160152435,0.9866946538289388,0.8743489782015482,0,0.08580290757060993,0.08974022860434756,108,"[108.08580290757061, 0.08974022860434756]"
10,0.9127765099207561,1.0,0.8255530198415121,0,0.2004773640144606,0.0026515743729891707,91,"[91.20047736401446, 0.0026515743729891707]"
10,0.901794542868932,0.9327731132507324,0.8708159724871317,0,0.2004773640144606,0.06813378955099558,91,"[91.20047736401446, 0.06813378955099558]"
10,0.9241074820359547,0.9663865566253662,0.8818284074465433,3,0.13169611286269856,0.02222556024016821,115,"[115.1316961128627, 0.02222556024016821, 25.2, 0.062178097211025435, -1.0]"
10,0.8938844104607899,0.9740896224975586,0.8136791984240214,6,0.13169611286269856,0.010930133667821623,115,"[115.1316961128627, 0.010930133667821623, 2.1, 0.17477575778711835, 63.2, 0.1, -0.5703488648193886, -1.0]"
10,0.9086039066314697,0.9404761791229248,0.8767316341400146,3,0.21107268307378035,0.04081736652664439,76,"[76.21107268307378, 0.04081736652664439, 63.2, 0.1, -1.0]"
10,0.9208789765834808,0.9635854164759318,0.8781725366910299,3,0.13169611286269856,0.03507001416152022,115,"[115.1316961128627, 0.03507001416152022, 63.2, 0.062178097211025435, -1.0]"
10,0.8991648256778717,0.9117647012074789,0.8865649501482645,3,0.3262808906861494,0.006302270890187924,160,"[160.32628089068615, 0.006302270890187924, 63.2, 0.062178097211025435, -1.0]"
10,0.9010306398073833,0.9579831957817078,0.8440780838330587,0,0.3262808906861494,0.006302270890187924,160,"[160.32628089068615, 0.006302270890187924]"
10,0.9154422779877981,0.9453781445821127,0.8855064113934835,3,0.15988431462406538,0.018944337422511916,138,"[138.15988431462407, 0.018944337422511916, 63.2, 0.062178097211025435, -1.0]"
10,0.9367530246575674,0.9985994299252828,0.8749066193898519,0,0.03990970227853552,0.1605361197861832,101,"[101.03990970227854, 0.1605361197861832]"
10,0.8893796503543854,0.9033613403638204,0.8753979603449503,6,0.36104502575038566,0.007358944136047787,81,"[81.36104502575039, 0.007358944136047787, 30.2, 0.043022584976848625, 63.2, 0.1, -1.0, -1.0]"
10,0.916707843542099,1.0,0.833415687084198,0,0.03990970227853552,0.00810612660591064,101,"[101.03990970227854, 0.00810612660591064]"
10,0.9228364030520122,0.9628851413726807,0.8827876647313436,3,0.13169611286269856,0.02222556024016821,115,"[115.1316961128627, 0.02222556024016821, 25.2, 0.062178097211025435, -1.0]"
10,0.9193666378657024,0.9614845712979635,0.8772487044334412,9,0.13169611286269856,0.010930133667821623,115,"[115.1316961128627, 0.010930133667821623, 63.1, 0.09391782089680846, 63.2, 0.1, -0.5703488648193886, 0.1, -0.5703488648193886, -0.47908807931897046, -1.0]"
10,0.9103056490421295,0.9488795399665833,0.8717317581176758,6,0.17138439796823945,0.010715963665295704,95,"[95.17138439796824, 0.010715963665295704, 63.3, 0.1, 63.2, 0.1, -2.0913271709371153, -1.0]"
10,0.9148328403631846,0.9523809353510538,0.8772847453753153,3,0.17138439796823945,0.027122306356029764,95,"[95.17138439796824, 0.027122306356029764, 63.2, 0.1, -1.0]"
10,0.8854589660962422,0.924369752407074,0.8465481797854105,0,0.36104502575038566,0.007358944136047787,81,"[81.36104502575039, 0.007358944136047787]"
10,0.7657577643791835,0.9768907427787781,0.5546247859795889,0,0.29151675562192736,0.008005402832472135,240,"[240.29151675562193, 0.008005402832472135]"
10,0.9227459331353506,0.9614845712979635,0.8840072949727377,3,0.13169611286269856,0.018944337422511916,115,"[115.1316961128627, 0.018944337422511916, 63.2, 0.062178097211025435, -1.0]"
10,0.9357588589191437,0.9985994299252828,0.8729182879130045,0,0.03990970227853552,0.1605361197861832,101,"[101.03990970227854, 0.1605361197861832]"
10,0.8741823931535084,0.8683473269144694,0.8800174593925476,6,0.4608249097255026,0.011758808693563232,98,"[98.4608249097255, 0.011758808693563232, 63.2, 0.1, 63.2, 0.1, -1.0, -1.0]"
10,0.9360931913057964,0.9992997248967489,0.8728866577148438,0,0.03990970227853552,0.12890863496594338,101,"[101.03990970227854, 0.12890863496594338]"
10,0.9228095809618633,0.9656862815221151,0.8799328804016113,3,0.13169611286269856,0.016577846953994918,115,"[115.1316961128627, 0.016577846953994918, 25.2, 0.062178097211025435, -1.0]"
10,0.9245628118515015,0.9712885220845541,0.8778371016184489,6,0.13169611286269856,0.030811208299506072,115,"[115.1316961128627, 0.030811208299506072, 19.2, 0.062178097211025435, -1.0, 0.1, -0.7433734783458884, -1.0]"
10,0.8947354555130005,0.9285714228947958,0.8608994881312052,3,0.2336455875512371,0.04031313299622759,20,"[20.233645587551237, 0.04031313299622759, 63.2, 0.1, -1.0]"
10,0.9191257158915203,0.9579831957817078,0.8802682360013326,3,0.13169611286269856,0.0711408521282955,115,"[115.1316961128627, 0.0711408521282955, 63.2, 0.062178097211025435, -1.0]"
10,0.880587508281072,0.8998599251111349,0.8613150914510092,3,0.36104502575038566,0.007358944136047787,81,"[81.36104502575039, 0.007358944136047787, 63.4, 0.14356754364751753, -1.0]"
10,0.9019457002480824,0.9194677869478861,0.8844236135482788,3,0.29151675562192736,0.010710956708934608,240,"[240.29151675562193, 0.010710956708934608, 50.2, 0.062178097211025435, -1.0]"
